Workbook
Name predMatSup: [1]features!$D$27:$K$27
Name scrnsht: Scrnsht!$A$1:$B$560

Sheet Debrief_raw
A1: Participant ID | B1: Please indicate how you felt while playing the game for each of the items: [1. I felt confident] | C1: Please indicate how you felt while playing the game for each of the items: [2. I felt skilful] | D1: Please indicate how you felt while playing the game for each of the items: [3. I was interested in the game's story] | E1: Please indicate how you felt while playing the game for each of the items: [4. I thought it was fun] | F1: Please indicate how you felt while playing the game for each of the items: [5. I was fully occupied with the game] | G1: Please indicate how you felt while playing the game for each of the items: [6. I felt happy] | H1: Please indicate how you felt while playing the game for each of the items: [7. It gave me a bad mood] | I1: Please indicate how you felt while playing the game for each of the items: [8. I thought about other things] | J1: Please indicate how you felt while playing the game for each of the items: [9. I found it tiresome] | K1: Please indicate how you felt while playing the game for each of the items: [10. I felt competent] | L1: Please indicate how you felt while playing the game for each of the items: [11. I thought it was hard] | M1: Please indicate how you felt while playing the game for each of the items: [12. It was aesthetically pleasing] | N1: Please indicate how you felt while playing the game for each of the items: [13. I forgot everything around me] | O1: Please indicate how you felt while playing the game for each of the items: [14. I felt good] | P1: Please indicate how you felt while playing the game for each of the items: [15. I was good at it] | Q1: Please indicate how you felt while playing the game for each of the items: [16. I felt bored] | R1: Please indicate how you felt while playing the game for each of the items: [17. I felt successful] | S1: Please indicate how you felt while playing the game for each of the items: [19. I felt that I could explore things] | T1: Please indicate how you felt while playing the game for each of the items: [20. I enjoyed it] | U1: Please indicate how you felt while playing the game for each of the items: [21. I was fast at reaching the game's targets] | V1: Please indicate how you felt while playing the game for each of the items: [22. I felt annoyed] | W1: Please indicate how you felt while playing the game for each of the items: [23. I felt pressured] | X1: Please indicate how you felt while playing the game for each of the items: [24. I felt irritable] | Y1: Please indicate how you felt while playing the game for each of the items: [25. I lost track of time] | Z1: Please indicate how you felt while playing the game for each of the items: [26. I felt challenged] | AA1: Please indicate how you felt while playing the game for each of the items: [27. I found it impressive] | AB1: Please indicate how you felt while playing the game for each of the items: [28. I was deeply concentrated in the game] | AC1: Please indicate how you felt while playing the game for each of the items: [29. I felt frustrated] | AD1: Please indicate how you felt while playing the game for each of the items: [30. It felt like a rich experience] | AE1: Please indicate how you felt while playing the game for each of the items: [31. I lost connection with the outside world] | AF1: Please indicate how you felt while playing the game for each of the items: [32. I felt time pressure] | AG1: Please indicate how you felt while playing the game for each of the items: [33. I had to put a lot of effort into it] | AH1: How many hours per week do you spend playing computer/video games? | AI1: How often do you play: [Computer games in general] | AJ1: How often do you play: [Engineering games (such as Poly Bridge, Kerbal Space Program, etc.)] | AK1: How often do you play: [Physics and simulation games (e.g., The Sims, Cities: Skylines, etc.)] | AL1: How often do you play: [Sandbox games (e.g., Minecraft, Gary's modbox, etc.)] | AM1: How often do you play: [Puzzle games (e.g., Portal, Baba is You, Tetris, etc.)] | AN1: What is you current level of education? Please indicate the degree and year. | AO1: During your education have you taken any modules on which of the following topics? Tick all that apply. | AP1: Age | AQ1: Gender (optional) | AR1: Gender (self describe)
A2: P_I7A | B2: fairly | C2: moderately | D2: extremely | E2: extremely | F2: extremely | G2: extremely | H2: not at all | I2: moderately | J2: moderately | K2: moderately | L2: slightly | M2: extremely | N2: fairly | O2: extremely | P2: fairly | Q2: slightly | R2: fairly | S2: fairly | T2: extremely | U2: moderately | V2: slightly | W2: slightly | X2: slightly | Y2: extremely | Z2: fairly | AA2: extremely | AB2: extremely | AC2: not at all | AD2: fairly | AE2: fairly | AF2: slightly | AG2: slightly | AH2: 8 | AI2: 4 | AJ2: 1 | AK2: 4 | AL2: 0 - never | AM2: 0 - never | AN2: 3rd year bachelor | AO2: Product Design, Computer Aided Design | AP2: 25 | AQ2: Man
A3: P_W5V | B3: moderately | C3: slightly | D3: slightly | E3: moderately | F3: fairly | G3: fairly | H3: slightly | I3: slightly | J3: slightly | K3: not at all | L3: slightly | M3: moderately | N3: slightly | O3: slightly | P3: slightly | Q3: not at all | R3: slightly | S3: moderately | T3: moderately | U3: not at all | V3: not at all | W3: slightly | X3: not at all | Y3: slightly | Z3: moderately | AA3: slightly | AB3: slightly | AC3: slightly | AD3: moderately | AE3: slightly | AF3: moderately | AG3: moderately | AH3: 0 | AI3: 0 - never | AJ3: 0 - never | AK3: 0 - never | AL3: 0 - never | AM3: 0 - never | AN3: PhD Year 1 | AO3: None of the above | AP3: 27 | AQ3: Woman
A4: P_G7R | B4: extremely | C4: fairly | D4: extremely | E4: extremely | F4: extremely | G4: extremely | H4: not at all | I4: not at all | J4: not at all | K4: fairly | L4: moderately | M4: fairly | N4: moderately | O4: extremely | P4: fairly | Q4: not at all | R4: extremely | S4: extremely | T4: extremely | U4: fairly | V4: not at all | W4: slightly | X4: not at all | Y4: extremely | Z4: extremely | AA4: extremely | AB4: extremely | AC4: not at all | AD4: fairly | AE4: fairly | AF4: slightly | AG4: moderately | AH4: 5 | AI4: 2 | AJ4: 2 | AK4: 0 - never | AL4: 0 - never | AM4: 4 | AN4: First year PhD | AO4: Structures, Computer Aided Design | AP4: 26 | AQ4: Woman
A5: P_I9B | B5: slightly | C5: slightly | D5: fairly | E5: extremely | F5: extremely | G5: extremely | H5: not at all | I5: not at all | J5: slightly | K5: slightly | L5: fairly | M5: extremely | N5: extremely | O5: extremely | P5: not at all | Q5: not at all | R5: moderately | S5: extremely | T5: extremely | U5: moderately | V5: not at all | W5: slightly | X5: not at all | Y5: fairly | Z5: fairly | AA5: extremely | AB5: extremely | AC5: not at all | AD5: fairly | AE5: extremely | AF5: slightly | AG5: moderately | AH5: 0 | AI5: 1 | AJ5: 0 - never | AK5: 0 - never | AL5: 0 - never | AM5: 1 | AN5: PhD year 1 | AO5: Structures, Product Design, Engineering Drawing, Computer Aided Design | AP5: 24 | AQ5: Woman
A6: P_T4B | B6: fairly | C6: fairly | D6: slightly | E6: fairly | F6: extremely | G6: fairly | H6: not at all | I6: moderately | J6: not at all | K6: fairly | L6: slightly | M6: moderately | N6: slightly | O6: fairly | P6: fairly | Q6: not at all | R6: fairly | S6: fairly | T6: fairly | U6: fairly | V6: not at all | W6: not at all | X6: not at all | Y6: slightly | Z6: moderately | AA6: moderately | AB6: fairly | AC6: not at all | AD6: moderately | AE6: slightly | AF6: slightly | AG6: slightly | AH6: 0 | AI6: 0 - never | AJ6: 0 - never | AK6: 0 - never | AL6: 0 - never | AM6: 0 - never | AN6: PhD 1st year | AO6: None of the above | AP6: 23 | AQ6: Man
A7: P_L3X | B7: slightly | C7: not at all | D7: fairly | E7: moderately | F7: extremely | G7: moderately | H7: slightly | I7: not at all | J7: slightly | K7: slightly | L7: moderately | M7: fairly | N7: fairly | O7: fairly | P7: not at all | Q7: slightly | R7: slightly | S7: moderately | T7: moderately | U7: not at all | V7: not at all | W7: slightly | X7: not at all | Y7: moderately | Z7: moderately | AA7: moderately | AB7: fairly | AC7: moderately | AD7: not at all | AE7: moderately | AF7: slightly | AG7: moderately | AH7: 0 | AI7: 0 - never | AJ7: 0 - never | AK7: 0 - never | AL7: 0 - never | AM7: 0 - never | AN7: 2nd year PhD | AO7: None of the above | AP7: 25 | AQ7: Woman
A8: P_A4T | B8: fairly | C8: fairly | D8: slightly | E8: fairly | F8: fairly | G8: extremely | H8: not at all | I8: slightly | J8: not at all | K8: fairly | L8: not at all | M8: moderately | N8: moderately | O8: fairly | P8: fairly | Q8: slightly | R8: fairly | S8: fairly | T8: fairly | U8: fairly | V8: not at all | W8: moderately | X8: not at all | Y8: fairly | Z8: slightly | AA8: moderately | AB8: fairly | AC8: not at all | AD8: moderately | AE8: fairly | AF8: not at all | AG8: slightly | AH8: 1 | AI8: 1 | AJ8: 2 | AK8: 1 | AL8: 1 | AM8: 2 | AN8: first year PhD | AO8: Structures, Engineering Drawing | AP8: 22 | AQ8: Woman
A9: P_X2G | B9: fairly | C9: moderately | D9: fairly | E9: fairly | F9: fairly | G9: fairly | H9: not at all | I9: slightly | J9: not at all | K9: moderately | L9: not at all | M9: fairly | N9: moderately | O9: fairly | P9: moderately | Q9: not at all | R9: moderately | S9: fairly | T9: fairly | U9: fairly | V9: not at all | W9: not at all | X9: not at all | Y9: extremely | Z9: fairly | AA9: extremely | AB9: fairly | AC9: not at all | AD9: fairly | AE9: moderately | AF9: not at all | AG9: moderately | AH9: 0 | AI9: 0 - never | AJ9: 0 - never | AK9: 0 - never | AL9: 0 - never | AM9: 0 - never | AN9: PhD engineering year 3 | AO9: Structures, Product Design, Engineering Drawing, Computer Aided Design | AP9: 25 | AQ9: Woman
A10: P_P8M | B10: moderately | C10: fairly | D10: extremely | E10: extremely | F10: moderately | G10: fairly | H10: not at all | I10: not at all | J10: not at all | K10: fairly | L10: moderately | M10: extremely | N10: moderately | O10: fairly | P10: moderately | Q10: not at all | R10: fairly | S10: fairly | T10: extremely | U10: moderately | V10: moderately | W10: moderately | X10: slightly | Y10: moderately | Z10: moderately | AA10: fairly | AB10: fairly | AC10: not at all | AD10: fairly | AE10: fairly | AF10: moderately | AG10: moderately | AH10: 0.5-1 | AI10: 2 | AJ10: 0 - never | AK10: 0 - never | AL10: 0 - never | AM10: 2 | AN10: Manufacturing Engineering, third year | AO10: Structures, Product Design, Engineering Drawing, Computer Aided Design | AP10: 22 | AQ10: Woman
A11: P_B2P | B11: fairly | C11: not at all | D11: fairly | E11: extremely | F11: fairly | G11: fairly | H11: not at all | I11: not at all | J11: slightly | K11: fairly | L11: slightly | M11: fairly | N11: extremely | O11: fairly | P11: slightly | Q11: moderately | R11: fairly | S11: extremely | T11: extremely | U11: fairly | V11: slightly | W11: not at all | X11: not at all | Y11: fairly | Z11: moderately | AA11: slightly | AB11: fairly | AC11: slightly | AD11: moderately | AE11: extremely | AF11: slightly | AG11: slightly | AH11: 0-3 during term, 20-30 holiday | AI11: 4 | AJ11: 6 - daily | AK11: 2 | AL11: 5 | AM11: 1 | AN11: Undergraduate, Engineering, First year | AO11: Structures, Product Design, Engineering Drawing, Computer Aided Design | AP11: 19 | AQ11: Man
A12: P_O7W | B12: fairly | C12: fairly | D12: moderately | E12: fairly | F12: extremely | G12: fairly | H12: not at all | I12: not at all | J12: not at all | K12: fairly | L12: not at all | M12: fairly | N12: moderately | O12: fairly | P12: fairly | Q12: not at all | R12: fairly | S12: extremely | T12: fairly | U12: extremely | V12: slightly | W12: not at all | X12: not at all | Y12: extremely | Z12: moderately | AA12: slightly | AB12: fairly | AC12: slightly | AD12: moderately | AE12: fairly | AF12: not at all | AG12: slightly | AH12: 5 | AI12: 6 - daily | AJ12: 3 | AK12: 2 | AL12: 3 | AM12: 4 | AN12: Masters (2023) | AO12: Structures, Engineering Drawing, Computer Aided Design | AP12: 22 | AQ12: Man
A13: P_N5O | B13: fairly | C13: extremely | D13: extremely | E13: extremely | F13: extremely | G13: extremely | H13: not at all | I13: not at all | J13: not at all | K13: extremely | L13: slightly | M13: extremely | N13: extremely | O13: extremely | P13: moderately | Q13: not at all | R13: fairly | S13: extremely | T13: extremely | U13: moderately | V13: slightly | W13: moderately | X13: not at all | Y13: moderately | Z13: extremely | AA13: extremely | AB13: extremely | AC13: slightly | AD13: extremely | AE13: extremely | AF13: moderately | AG13: fairly | AH13: 0 | AI13: 0 - never | AJ13: 0 - never | AK13: 0 - never | AL13: 1 | AM13: 1 | AN13: Researcher 2024 | AO13: Engineering Drawing | AP13: 27 | AQ13: Woman
A14: P_V1M | B14: not at all | C14: moderately | D14: fairly | E14: extremely | F14: extremely | G14: moderately | H14: slightly | I14: moderately | J14: not at all | K14: not at all | L14: slightly | M14: moderately | N14: not at all | O14: fairly | P14: not at all | Q14: not at all | R14: moderately | S14: moderately | T14: extremely | U14: slightly | V14: not at all | W14: not at all | X14: not at all | Y14: slightly | Z14: fairly | AA14: moderately | AB14: moderately | AC14: not at all | AD14: slightly | AE14: not at all | AF14: not at all | AG14: moderately | AH14: 0 | AI14: 0 - never | AJ14: 0 - never | AK14: 0 - never | AL14: 0 - never | AM14: 3 | AN14: PhD 1st year | AO14: Engineering Drawing | AP14: 27 | AQ14: Woman
A15: P_J8S | B15: fairly | C15: moderately | D15: fairly | E15: extremely | F15: extremely | G15: extremely | H15: not at all | I15: not at all | J15: slightly | K15: moderately | L15: slightly | M15: fairly | N15: fairly | O15: fairly | P15: moderately | Q15: slightly | R15: moderately | S15: extremely | T15: extremely | U15: extremely | V15: slightly | W15: slightly | X15: slightly | Y15: extremely | Z15: moderately | AA15: fairly | AB15: extremely | AC15: moderately | AD15: extremely | AE15: extremely | AF15: not at all | AG15: moderately | AH15: 3 | AI15: 2 | AJ15: 1 | AK15: 0 - never | AL15: 0 - never | AM15: 1 | AN15: Undergraduate, second year | AO15: Structures, Product Design, Engineering Drawing, Computer Aided Design | AP15: 20 | AQ15: Man
A16: P_L7K | B16: slightly | C16: not at all | D16: fairly | E16: fairly | F16: extremely | G16: moderately | H16: slightly | I16: not at all | J16: slightly | K16: not at all | L16: slightly | M16: slightly | N16: fairly | O16: moderately | P16: not at all | Q16: not at all | R16: not at all | S16: extremely | T16: moderately | U16: not at all | V16: slightly | W16: extremely | X16: not at all | Y16: extremely | Z16: moderately | AA16: not at all | AB16: fairly | AC16: slightly | AD16: slightly | AE16: slightly | AF16: extremely | AG16: moderately | AH16: 0 | AI16: 1 | AJ16: 0 - never | AK16: 1 | AL16: 1 | AM16: 3 | AN16: 3rd year undergrad | AO16: Structures, Product Design, Engineering Drawing, Computer Aided Design | AP16: 22 | AQ16: Woman
A17: P_K5X | B17: moderately | C17: moderately | D17: fairly | E17: extremely | F17: fairly | G17: moderately | H17: not at all | I17: moderately | J17: slightly | K17: moderately | L17: slightly | M17: fairly | N17: slightly | O17: moderately | P17: moderately | Q17: slightly | R17: moderately | S17: extremely | T17: moderately | U17: moderately | V17: slightly | W17: slightly | X17: not at all | Y17: slightly | Z17: fairly | AA17: slightly | AB17: moderately | AC17: not at all | AD17: slightly | AE17: not at all | AF17: not at all | AG17: slightly | AH17: not a lot recently but i used to play 15 hours a week on average, sometimes at stretches of 10 hours in a day | AI17: 6 - daily | AJ17: 2 | AK17: 1 | AL17: 0 - never | AM17: 1 | AN17: Engineering 1st year | AO17: Structures, Product Design, Engineering Drawing, Computer Aided Design | AP17: 19 | AQ17: Man
A18: P_B0Z | B18: slightly | C18: moderately | D18: fairly | E18: fairly | F18: fairly | G18: moderately | H18: not at all | I18: moderately | J18: slightly | K18: moderately | L18: fairly | M18: extremely | N18: moderately | O18: fairly | P18: not at all | Q18: slightly | R18: moderately | S18: extremely | T18: fairly | U18: not at all | V18: slightly | W18: fairly | X18: moderately | Y18: extremely | Z18: extremely | AA18: extremely | AB18: moderately | AC18: slightly | AD18: fairly | AE18: moderately | AF18: extremely | AG18: slightly | AH18: 8 | AI18: 6 - daily | AJ18: 0 - never | AK18: 0 - never | AL18: 1 | AM18: 0 - never | AN18: 4th year undergraduate | AO18: Structures, Product Design, Engineering Drawing, Computer Aided Design | AP18: 23 | AQ18: Man
A19: P_M4M | B19: slightly | C19: slightly | D19: extremely | E19: fairly | F19: extremely | G19: moderately | H19: moderately | I19: moderately | J19: moderately | K19: not at all | L19: slightly | M19: extremely | N19: moderately | O19: moderately | P19: not at all | Q19: not at all | R19: slightly | S19: fairly | T19: fairly | U19: not at all | V19: not at all | W19: fairly | X19: not at all | Y19: extremely | Z19: extremely | AA19: fairly | AB19: fairly | AC19: moderately | AD19: moderately | AE19: moderately | AF19: fairly | AG19: fairly | AH19: less than 1hour | AI19: 1 | AJ19: 0 - never | AK19: 0 - never | AL19: 0 - never | AM19: 2 | AN19: Masters (MPhil) | AO19: Structures, Engineering Drawing | AP19: 26 | AQ19: Woman
A20: P_L4V | B20: fairly | C20: fairly | D20: not at all | E20: extremely | F20: extremely | G20: fairly | H20: not at all | I20: not at all | J20: not at all | K20: fairly | L20: moderately | M20: fairly | N20: fairly | O20: fairly | P20: fairly | Q20: not at all | R20: fairly | S20: fairly | T20: extremely | U20: fairly | V20: slightly | W20: moderately | X20: not at all | Y20: fairly | Z20: fairly | AA20: moderately | AB20: extremely | AC20: not at all | AD20: moderately | AE20: fairly | AF20: fairly | AG20: moderately | AH20: In term, 1-2. Out of term, 25 | AI20: 6 - daily | AJ20: 3 | AK20: 1 | AL20: 4 | AM20: 3 | AN20: 4th Year Engineering | AO20: Structures, Engineering Drawing, Computer Aided Design | AP20: 22 | AQ20: Man
A21: P_M8L | B21: moderately | C21: slightly | D21: moderately | E21: fairly | F21: fairly | G21: fairly | H21: not at all | I21: slightly | J21: slightly | K21: moderately | L21: slightly | M21: fairly | N21: slightly | O21: fairly | P21: moderately | Q21: not at all | R21: fairly | S21: fairly | T21: fairly | U21: moderately | V21: not at all | W21: slightly | X21: not at all | Y21: slightly | Z21: fairly | AA21: moderately | AB21: moderately | AC21: slightly | AD21: moderately | AE21: moderately | AF21: slightly | AG21: slightly | AH21: I do not play in most weeks, but a lot (~4h) on some days. | AI21: 2 | AJ21: 1 | AK21: 0 - never | AL21: 2 | AM21: 3 | AN21: MPhil (1 year) | AO21: None of the above | AP21: 22 | AQ21: Woman
A22: P_V2A | B22: extremely | C22: fairly | D22: moderately | E22: fairly | F22: fairly | G22: fairly | H22: not at all | I22: not at all | J22: slightly | K22: fairly | L22: not at all | M22: moderately | N22: slightly | O22: slightly | P22: slightly | Q22: slightly | R22: fairly | S22: slightly | T22: fairly | U22: moderately | V22: not at all | W22: not at all | X22: not at all | Y22: moderately | Z22: moderately | AA22: fairly | AB22: moderately | AC22: not at all | AD22: not at all | AE22: slightly | AF22: not at all | AG22: not at all | AH22: 0 | AI22: 0 - never | AJ22: 0 - never | AK22: 0 - never | AL22: 0 - never | AM22: 0 - never | AN22: Engineering 1st year | AO22: Structures, Product Design, Engineering Drawing, Computer Aided Design | AP22: 19 | AQ22: Woman
A23: P_A6W | B23: fairly | C23: moderately | D23: moderately | E23: fairly | F23: fairly | G23: extremely | H23: not at all | I23: moderately | J23: not at all | K23: fairly | L23: slightly | M23: fairly | N23: moderately | O23: fairly | P23: moderately | Q23: slightly | R23: moderately | S23: extremely | T23: fairly | U23: moderately | V23: not at all | W23: slightly | X23: not at all | Y23: slightly | Z23: moderately | AA23: moderately | AB23: moderately | AC23: slightly | AD23: moderately | AE23: moderately | AF23: not at all | AG23: slightly | AH23: 0 | AI23: 2 | AJ23: 0 - never | AK23: 0 - never | AL23: 0 - never | AM23: 0 - never | AN23: Masters degree 2021 | AO23: Structures, Engineering Drawing, Computer Aided Design | AP23: 24 | AQ23: Man
A24: P_S3X | B24: fairly | C24: fairly | D24: fairly | E24: extremely | F24: extremely | G24: fairly | H24: slightly | I24: slightly | J24: slightly | K24: fairly | L24: slightly | M24: extremely | N24: moderately | O24: fairly | P24: fairly | Q24: slightly | R24: fairly | S24: fairly | T24: fairly | U24: fairly | V24: slightly | W24: slightly | X24: slightly | Y24: fairly | Z24: fairly | AA24: fairly | AB24: moderately | AC24: moderately | AD24: fairly | AE24: moderately | AF24: not at all | AG24: moderately | AH24: 0 | AI24: 1 | AJ24: 0 - never | AK24: 0 - never | AL24: 1 | AM24: 0 - never | AN24: MEng (4th year undergrad) | AO24: Structures, Product Design, Engineering Drawing, Computer Aided Design | AP24: 22 | AQ24: Woman
A25: P_Z2A | B25: moderately | C25: slightly | D25: moderately | E25: extremely | F25: extremely | G25: fairly | H25: slightly | I25: not at all | J25: not at all | K25: moderately | L25: moderately | M25: extremely | N25: fairly | O25: moderately | P25: slightly | Q25: not at all | R25: moderately | S25: fairly | T25: fairly | U25: slightly | V25: slightly | W25: not at all | X25: not at all | Y25: slightly | Z25: moderately | AA25: extremely | AB25: extremely | AC25: slightly | AD25: extremely | AE25: fairly | AF25: slightly | AG25: fairly | AH25: 10 | AI25: 5 | AJ25: 1 | AK25: 1 | AL25: 3 | AM25: 4 | AN25: 4th year Engineering PhD student | AO25: Structures, Engineering Drawing, Computer Aided Design | AP25: 26 | AQ25: Man
A26: P_X0F | B26: fairly | C26: fairly | D26: extremely | E26: extremely | F26: extremely | G26: extremely | H26: not at all | I26: not at all | J26: not at all | K26: fairly | L26: slightly | M26: fairly | N26: fairly | O26: fairly | P26: fairly | Q26: not at all | R26: moderately | S26: fairly | T26: extremely | U26: moderately | V26: not at all | W26: slightly | X26: not at all | Y26: moderately | Z26: fairly | AA26: fairly | AB26: extremely | AC26: not at all | AD26: moderately | AE26: moderately | AF26: slightly | AG26: slightly | AH26: 3 | AI26: 1 | AJ26: 0 - never | AK26: 0 - never | AL26: 0 - never | AM26: 0 - never | AN26: PhD (2nd year) | AO26: Engineering Drawing | AP26: 29 | AQ26: Man
A27: P_H7P | B27: moderately | C27: fairly | D27: not at all | E27: fairly | F27: moderately | G27: fairly | H27: not at all | I27: slightly | J27: slightly | K27: moderately | L27: not at all | M27: fairly | N27: not at all | O27: fairly | P27: fairly | Q27: slightly | R27: moderately | S27: extremely | T27: fairly | U27: fairly | V27: not at all | W27: slightly | X27: not at all | Y27: slightly | Z27: fairly | AA27: fairly | AB27: slightly | AC27: not at all | AD27: moderately | AE27: not at all | AF27: slightly | AG27: moderately | AH27: 6 | AI27: 3 | AJ27: 0 - never | AK27: 0 - never | AL27: 0 - never | AM27: 2 | AN27: Engineering, Fourth Year | AO27: Structures, Engineering Drawing, Computer Aided Design | AP27: 21 | AQ27: Man
A28: P_D8O | B28: fairly | C28: fairly | D28: not at all | E28: extremely | F28: extremely | G28: extremely | H28: not at all | I28: not at all | J28: not at all | K28: fairly | L28: slightly | M28: extremely | N28: fairly | O28: fairly | P28: fairly | Q28: not at all | R28: fairly | S28: extremely | T28: extremely | U28: moderately | V28: not at all | W28: not at all | X28: not at all | Y28: extremely | Z28: fairly | AA28: moderately | AB28: extremely | AC28: not at all | AD28: moderately | AE28: extremely | AF28: moderately | AG28: moderately | AH28: 2 | AI28: 3 | AJ28: 1 | AK28: 1 | AL28: 1 | AM28: 2 | AN28: MEng 2019 | AO28: Structures, Engineering Drawing, Computer Aided Design | AP28: 26 | AQ28: Man
A29: P_X0T | B29: fairly | C29: moderately | D29: moderately | E29: extremely | F29: extremely | G29: extremely | H29: not at all | I29: slightly | J29: not at all | K29: fairly | L29: slightly | M29: moderately | N29: fairly | O29: extremely | P29: fairly | Q29: not at all | R29: extremely | S29: extremely | T29: extremely | U29: moderately | V29: moderately | W29: slightly | X29: not at all | Y29: extremely | Z29: moderately | AA29: slightly | AB29: extremely | AC29: moderately | AD29: moderately | AE29: fairly | AF29: slightly | AG29: not at all | AH29: 3 | AI29: 2 | AJ29: 1 | AK29: 4 | AL29: 6 - daily | AM29: 4 | AN29: PhD year 2 | AO29: None of the above | AP29: 29 | AQ29: Non-binary
A30: P_W6F | B30: moderately | C30: moderately | D30: fairly | E30: extremely | F30: extremely | G30: fairly | H30: not at all | I30: not at all | J30: moderately | K30: moderately | L30: slightly | M30: fairly | N30: fairly | O30: fairly | P30: moderately | Q30: not at all | R30: moderately | S30: fairly | T30: fairly | U30: not at all | V30: slightly | W30: not at all | X30: not at all | Y30: slightly | Z30: moderately | AA30: extremely | AB30: extremely | AC30: slightly | AD30: fairly | AE30: fairly | AF30: not at all | AG30: fairly | AH30: 0.5 | AI30: 2 | AJ30: 0 - never | AK30: 0 - never | AL30: 0 - never | AM30: 0 - never | AN30: 1st year PhD | AO30: Product Design, Engineering Drawing, Computer Aided Design | AP30: 25 | AQ30: Man
A31: P_B7Q | B31: fairly | C31: moderately | D31: fairly | E31: fairly | F31: extremely | G31: fairly | H31: not at all | I31: slightly | J31: moderately | K31: slightly | L31: slightly | M31: fairly | N31: fairly | O31: fairly | P31: slightly | Q31: moderately | R31: slightly | S31: fairly | T31: fairly | U31: moderately | V31: slightly | W31: slightly | X31: not at all | Y31: fairly | Z31: fairly | AA31: fairly | AB31: moderately | AC31: moderately | AD31: fairly | AE31: moderately | AF31: moderately | AG31: slightly | AH31: 0 | AI31: 1 | AJ31: 0 - never | AK31: 0 - never | AL31: 0 - never | AM31: 0 - never | AN31: PhD 3rd year | AO31: Product Design | AP31: 28 | AQ31: Man

Sheet masked_data_raw
A1: GroupID | B1: ParticipantID | C1: SolutionID | D1: PrePost | E1: Include | F1: maxStress | G1: hasBreak | H1: budgetUsed | I1: result
A2: VZ | B2: P_A4T | C2: S_1Q4 | D2: KYY | E2: TRUE | F2: 99.9 | G2: 0 | H2: 13397 | I2: fail
A3: VZ | B3: P_A4T | C3: S_1B0 | D3: KYY | E3: TRUE | F3: 100 | G3: 1 | H3: 14512 | I3: win
A4: VZ | B4: P_A4T | C4: S_0M4 | D4: KYY | E4: TRUE | F4: 69.2 | G4: 0 | H4: 15028 | I4: win
A5: VZ | B5: P_A4T | C5: S_6U7 | D5: KYY | E5: TRUE | F5: 100 | G5: 1 | H5: 17066 | I5: fail
A6: VZ | B6: P_A4T | C6: S_6B5 | D6: KYY | E6: TRUE | F6: 100 | G6: 1 | H6: 18768 | I6: fail
A7: VZ | B7: P_A4T | C7: S_4U3 | D7: KYY | E7: TRUE | F7: 100 | G7: 1 | H7: 20421 | I7: fail
A8: VZ | B8: P_A4T | C8: S_7W0 | D8: KYY | E8: TRUE | F8: 87 | G8: 0 | H8: 12099 | I8: win
A9: VZ | B9: P_A4T | C9: S_3X6 | D9: ZSB | E9: TRUE | F9: 88 | G9: 0 | H9: 9763 | I9: win
A10: VZ | B10: P_A4T | C10: S_9B4 | D10: ZSB | E10: TRUE | F10: 100 | G10: 1 | H10: 15206 | I10: fail
A11: VZ | B11: P_A4T | C11: S_0T2 | D11: ZSB | E11: TRUE | F11: 100 | G11: 1 | H11: 9668 | I11: fail
A12: VZ | B12: P_A4T | C12: S_1U0 | D12: ZSB | E12: TRUE | F12: 100 | G12: 1 | H12: 13608 | I12: fail
A13: VZ | B13: P_A4T | C13: S_1J8 | D13: ZSB | E13: TRUE | F13: 100 | G13: 1 | H13: 16249 | I13: fail
... A460: NI | B460: P_Z2A | C460: S_9B4 | D460: ZSB | E460: TRUE | F460: 34.1 | G460: 0 | H460: 18024 | I460: win

Sheet summary
A1: GroupID | B1: ParticipantID | C1: SolutionID | D1: PrePost | E1: Include | F1: maxStress | G1: hasBreak | H1: budgetUsed | I1: result | L1: GroupID | M1: ParticipantID | N1: # Sol KYY | O1: # Sol ZSB | P1: Total # Sol | U1: GroupID | V1: N | X1: IntervMoment | Y1: N
A2: NI | B2: P_I7A | C2: S_1Q4 | D2: KYY | E2: TRUE | F2: 51.1 | G2: 0 | H2: 15157 | I2: win | L2: NI | M2: P_I7A | N2: =COUNTIFS($B$2:$B$460,M2,$D$2:$D$460,RIGHT($N$1,3)) -> 14 | O2: =COUNTIFS($B$2:$B$460,M2,$D$2:$D$460,RIGHT($O$1,3)) -> 14 | P2: =SUM(N2:O2) -> 28 | U2: NI | V2: =COUNTIF($L$2:$L$31,U2) -> 10 | X2: KYY | Y2: =COUNTIF($D$2:$D$460,X2) -> 204
A3: NI | B3: P_I7A | C3: S_1B0 | D3: KYY | E3: TRUE | F3: 50.9 | G3: 0 | H3: 13845 | I3: win | L3: NI | M3: P_I9B | N3: =COUNTIFS($B$2:$B$460,M3,$D$2:$D$460,RIGHT($N$1,3)) -> 5 | O3: =COUNTIFS($B$2:$B$460,M3,$D$2:$D$460,RIGHT($O$1,3)) -> 10 | P3: =SUM(N3:O3) -> 15 | U3: VZ | V3: =COUNTIF($L$2:$L$31,U3) -> 10 | X3: ZSB | Y3: =COUNTIF($D$2:$D$460,X3) -> 255
A4: NI | B4: P_I7A | C4: S_0M4 | D4: KYY | E4: TRUE | F4: 49.8 | G4: 0 | H4: 12988 | I4: win | L4: NI | M4: P_P8M | N4: =COUNTIFS($B$2:$B$460,M4,$D$2:$D$460,RIGHT($N$1,3)) -> 4 | O4: =COUNTIFS($B$2:$B$460,M4,$D$2:$D$460,RIGHT($O$1,3)) -> 6 | P4: =SUM(N4:O4) -> 10 | U4: XX | V4: =COUNTIF($L$2:$L$31,U4) -> 10 | Y4: =SUM(Y2:Y3) -> 459
A5: NI | B5: P_I7A | C5: S_6U7 | D5: KYY | E5: TRUE | F5: 68.2 | G5: 0 | H5: 11982 | I5: win | L5: NI | M5: P_N5O | N5: =COUNTIFS($B$2:$B$460,M5,$D$2:$D$460,RIGHT($N$1,3)) -> 3 | O5: =COUNTIFS($B$2:$B$460,M5,$D$2:$D$460,RIGHT($O$1,3)) -> 3 | P5: =SUM(N5:O5) -> 6 | V5: =SUM(V2:V4) -> 30
A6: NI | B6: P_I7A | C6: S_6B5 | D6: KYY | E6: TRUE | F6: 100 | G6: 1 | H6: 10979 | I6: fail | L6: NI | M6: P_V1M | N6: =COUNTIFS($B$2:$B$460,M6,$D$2:$D$460,RIGHT($N$1,3)) -> 4 | O6: =COUNTIFS($B$2:$B$460,M6,$D$2:$D$460,RIGHT($O$1,3)) -> 8 | P6: =SUM(N6:O6) -> 12
A7: NI | B7: P_I7A | C7: S_4U3 | D7: KYY | E7: TRUE | F7: 70 | G7: 0 | H7: 11664 | I7: win | L7: NI | M7: P_B0Z | N7: =COUNTIFS($B$2:$B$460,M7,$D$2:$D$460,RIGHT($N$1,3)) -> 4 | O7: =COUNTIFS($B$2:$B$460,M7,$D$2:$D$460,RIGHT($O$1,3)) -> 5 | P7: =SUM(N7:O7) -> 9
A8: NI | B8: P_I7A | C8: S_7W0 | D8: KYY | E8: TRUE | F8: 100 | G8: 1 | H8: 11362 | I8: fail | L8: NI | M8: P_V2A | N8: =COUNTIFS($B$2:$B$460,M8,$D$2:$D$460,RIGHT($N$1,3)) -> 6 | O8: =COUNTIFS($B$2:$B$460,M8,$D$2:$D$460,RIGHT($O$1,3)) -> 11 | P8: =SUM(N8:O8) -> 17
A9: NI | B9: P_I7A | C9: S_3X6 | D9: KYY | E9: TRUE | F9: 100 | G9: 1 | H9: 9959 | I9: fail | L9: NI | M9: P_Z2A | N9: =COUNTIFS($B$2:$B$460,M9,$D$2:$D$460,RIGHT($N$1,3)) -> 2 | O9: =COUNTIFS($B$2:$B$460,M9,$D$2:$D$460,RIGHT($O$1,3)) -> 7 | P9: =SUM(N9:O9) -> 9
A10: NI | B10: P_I7A | C10: S_9B4 | D10: KYY | E10: TRUE | F10: 100 | G10: 1 | H10: 11364 | I10: fail | L10: NI | M10: P_X0T | N10: =COUNTIFS($B$2:$B$460,M10,$D$2:$D$460,RIGHT($N$1,3)) -> 5 | O10: =COUNTIFS($B$2:$B$460,M10,$D$2:$D$460,RIGHT($O$1,3)) -> 6 | P10: =SUM(N10:O10) -> 11
A11: NI | B11: P_I7A | C11: S_0T2 | D11: KYY | E11: TRUE | F11: 100 | G11: 1 | H11: 10691 | I11: fail | L11: NI | M11: P_B7Q | N11: =COUNTIFS($B$2:$B$460,M11,$D$2:$D$460,RIGHT($N$1,3)) -> 7 | O11: =COUNTIFS($B$2:$B$460,M11,$D$2:$D$460,RIGHT($O$1,3)) -> 10 | P11: =SUM(N11:O11) -> 17
A12: NI | B12: P_I7A | C12: S_1U0 | D12: KYY | E12: TRUE | F12: 71.6 | G12: 0 | H12: 11640 | I12: win | L12: VZ | M12: P_W5V | N12: =COUNTIFS($B$2:$B$460,M12,$D$2:$D$460,RIGHT($N$1,3)) -> 7 | O12: =COUNTIFS($B$2:$B$460,M12,$D$2:$D$460,RIGHT($O$1,3)) -> 5 | P12: =SUM(N12:O12) -> 12
A13: NI | B13: P_I7A | C13: S_1J8 | D13: KYY | E13: TRUE | F13: 100 | G13: 1 | H13: 11350 | I13: fail | L13: VZ | M13: P_L3X | N13: =COUNTIFS($B$2:$B$460,M13,$D$2:$D$460,RIGHT($N$1,3)) -> 7 | O13: =COUNTIFS($B$2:$B$460,M13,$D$2:$D$460,RIGHT($O$1,3)) -> 8 | P13: =SUM(N13:O13) -> 15
A14: NI | B14: P_I7A | C14: S_8O8 | D14: KYY | E14: TRUE | F14: 100 | G14: 1 | H14: 11665 | I14: fail | L14: VZ | M14: P_A4T | N14: =COUNTIFS($B$2:$B$460,M14,$D$2:$D$460,RIGHT($N$1,3)) -> 7 | O14: =COUNTIFS($B$2:$B$460,M14,$D$2:$D$460,RIGHT($O$1,3)) -> 8 | P14: =SUM(N14:O14) -> 15
A15: NI | B15: P_I7A | C15: S_9F6 | D15: KYY | E15: TRUE | F15: 67.5 | G15: 0 | H15: 12671 | I15: win | L15: VZ | M15: P_O7W | N15: =COUNTIFS($B$2:$B$460,M15,$D$2:$D$460,RIGHT($N$1,3)) -> 6 | O15: =COUNTIFS($B$2:$B$460,M15,$D$2:$D$460,RIGHT($O$1,3)) -> 13 | P15: =SUM(N15:O15) -> 19
A16: NI | B16: P_I7A | C16: S_9T2 | D16: ZSB | E16: TRUE | F16: 100 | G16: 1 | H16: 10885 | I16: fail | L16: VZ | M16: P_L7K | N16: =COUNTIFS($B$2:$B$460,M16,$D$2:$D$460,RIGHT($N$1,3)) -> 4 | O16: =COUNTIFS($B$2:$B$460,M16,$D$2:$D$460,RIGHT($O$1,3)) -> 2 | P16: =SUM(N16:O16) -> 6
A17: NI | B17: P_I7A | C17: S_3X7 | D17: ZSB | E17: TRUE | F17: 100 | G17: 1 | H17: 14222 | I17: fail | L17: VZ | M17: P_K5X | N17: =COUNTIFS($B$2:$B$460,M17,$D$2:$D$460,RIGHT($N$1,3)) -> 12 | O17: =COUNTIFS($B$2:$B$460,M17,$D$2:$D$460,RIGHT($O$1,3)) -> 14 | P17: =SUM(N17:O17) -> 26
... A31: VZ | B31: P_W5V | C31: S_1B0 | D31: KYY | E31: TRUE | F31: 100 | G31: 1 | H31: 26505 | I31: fail | L31: XX | M31: P_W6F | N31: =COUNTIFS($B$2:$B$460,M31,$D$2:$D$460,RIGHT($N$1,3)) -> 7 | O31: =COUNTIFS($B$2:$B$460,M31,$D$2:$D$460,RIGHT($O$1,3)) -> 9 | P31: =SUM(N31:O31) -> 16
A32: VZ | B32: P_W5V | C32: S_0M4 | D32: KYY | E32: TRUE | F32: 100 | G32: 1 | H32: 27807 | I32: fail | N32: =SUM(N2:N31) -> 204 | O32: =SUM(O2:O31) -> 255 | P32: =SUM(P2:P31) -> 459
A33: VZ | B33: P_W5V | C33: S_6U7 | D33: KYY | E33: TRUE | F33: 100 | G33: 1 | H33: 19633 | I33: fail
A34: VZ | B34: P_W5V | C34: S_6B5 | D34: KYY | E34: TRUE | F34: 100 | G34: 1 | H34: 11516 | I34: fail
A35: VZ | B35: P_W5V | C35: S_4U3 | D35: KYY | E35: TRUE | F35: 100 | G35: 1 | H35: 14465 | I35: fail
A36: VZ | B36: P_W5V | C36: S_7W0 | D36: KYY | E36: TRUE | F36: 78.6 | G36: 0 | H36: 17218 | I36: win
A37: VZ | B37: P_W5V | C37: S_3X6 | D37: ZSB | E37: TRUE | F37: 100 | G37: 1 | H37: 9586 | I37: fail
A38: VZ | B38: P_W5V | C38: S_9B4 | D38: ZSB | E38: TRUE | F38: 44.5 | G38: 0 | H38: 15364 | I38: win
A39: VZ | B39: P_W5V | C39: S_0T2 | D39: ZSB | E39: TRUE | F39: 68.2 | G39: 0 | H39: 14760 | I39: win
A40: VZ | B40: P_W5V | C40: S_1U0 | D40: ZSB | E40: TRUE | F40: 100 | G40: 1 | H40: 10538 | I40: fail
A41: VZ | B41: P_W5V | C41: S_1J8 | D41: ZSB | E41: TRUE | F41: 47 | G41: 0 | H41: 15882 | I41: win
A42: XX | B42: P_G7R | C42: S_1Q4 | D42: KYY | E42: TRUE | F42: 64.4 | G42: 0 | H42: 15051 | I42: win
A43: XX | B43: P_G7R | C43: S_1B0 | D43: KYY | E43: TRUE | F43: 86.6 | G43: 0 | H43: 12594 | I43: win
A44: XX | B44: P_G7R | C44: S_0M4 | D44: KYY | E44: TRUE | F44: 82.1 | G44: 0 | H44: 9768 | I44: win
... A460: NI | B460: P_B7Q | C460: S_9E0 | D460: ZSB | E460: TRUE | F460: 94.4 | G460: 0 | H460: 17795 | I460: win

Sheet Fluency-MT1
C1: # Sol KYY | D1: # Sol ZSB | E1: Total # Sol
A2: GroupID | B2: ParticipantID | C2: Fluency MT1[KYY] | D2: Fluency MT1[ZSB] | E2: Fluency MT1[Session] | I2: Fluency MT1[KYY] | J2: Fluency MT1[ZSB] | K2: Fluency MT1[Session] | N2: Fluency MT1[KYY] | O2: Fluency MT1[ZSB] | P2: Fluency MT1[Session]
A3: NI | B3: P_I7A | C3: =COUNTIFS(summary!$B$2:$B$460,'Fluency-MT1'!$B3,summary!$D$2:$D$460,RIGHT('Fluency-MT1'!$C$1,3)) -> 14 | D3: =COUNTIFS(summary!$B$2:$B$460,'Fluency-MT1'!$B3,summary!$D$2:$D$460,RIGHT('Fluency-MT1'!$D$1,3)) -> 14 | E3: =SUM(C3:D3) -> 28 | H3: Min | I3: =MIN(C$3:C$32) -> 2 | J3: =MIN(D$3:D$32) -> 1 | K3: =MIN(E$3:E$32) -> 4 | M3: FQ - Min | N3: =I4-I3 -> 2 | O3: =J4-J3 -> 5 | P3: =K4-K3 -> 6.25
A4: NI | B4: P_I9B | C4: =COUNTIFS(summary!$B$2:$B$460,'Fluency-MT1'!$B4,summary!$D$2:$D$460,RIGHT('Fluency-MT1'!$C$1,3)) -> 5 | D4: =COUNTIFS(summary!$B$2:$B$460,'Fluency-MT1'!$B4,summary!$D$2:$D$460,RIGHT('Fluency-MT1'!$D$1,3)) -> 10 | E4: =SUM(C4:D4) -> 15 | H4: First Q | I4: =_xlfn.QUARTILE.INC(C$3:C$32,1) -> 4 | J4: =_xlfn.QUARTILE.INC(D$3:D$32,1) -> 6 | K4: =_xlfn.QUARTILE.INC(E$3:E$32,1) -> 10.25 | M4: Med - FQ | N4: =I5-I4 -> 2.5 | O4: =J5-J4 -> 3 | P4: =K5-K4 -> 4.75
A5: NI | B5: P_P8M | C5: =COUNTIFS(summary!$B$2:$B$460,'Fluency-MT1'!$B5,summary!$D$2:$D$460,RIGHT('Fluency-MT1'!$C$1,3)) -> 4 | D5: =COUNTIFS(summary!$B$2:$B$460,'Fluency-MT1'!$B5,summary!$D$2:$D$460,RIGHT('Fluency-MT1'!$D$1,3)) -> 6 | E5: =SUM(C5:D5) -> 10 | H5: Median | I5: =_xlfn.QUARTILE.INC(C$3:C$32,2) -> 6.5 | J5: =_xlfn.QUARTILE.INC(D$3:D$32,2) -> 9 | K5: =_xlfn.QUARTILE.INC(E$3:E$32,2) -> 15 | M5: TQ - Med | N5: =I6-I5 -> 2 | O5: =J6-J5 -> 2 | P5: =K6-K5 -> 4
A6: NI | B6: P_N5O | C6: =COUNTIFS(summary!$B$2:$B$460,'Fluency-MT1'!$B6,summary!$D$2:$D$460,RIGHT('Fluency-MT1'!$C$1,3)) -> 3 | D6: =COUNTIFS(summary!$B$2:$B$460,'Fluency-MT1'!$B6,summary!$D$2:$D$460,RIGHT('Fluency-MT1'!$D$1,3)) -> 3 | E6: =SUM(C6:D6) -> 6 | H6: Third Q | I6: =_xlfn.QUARTILE.INC(C$3:C$32,3) -> 8.5 | J6: =_xlfn.QUARTILE.INC(D$3:D$32,3) -> 11 | K6: =_xlfn.QUARTILE.INC(E$3:E$32,3) -> 19 | M6: Max - TQ | N6: =I7-I6 -> 8.5 | O6: =J7-J6 -> 3 | P6: =K7-K6 -> 12
A7: NI | B7: P_V1M | C7: =COUNTIFS(summary!$B$2:$B$460,'Fluency-MT1'!$B7,summary!$D$2:$D$460,RIGHT('Fluency-MT1'!$C$1,3)) -> 4 | D7: =COUNTIFS(summary!$B$2:$B$460,'Fluency-MT1'!$B7,summary!$D$2:$D$460,RIGHT('Fluency-MT1'!$D$1,3)) -> 8 | E7: =SUM(C7:D7) -> 12 | H7: Max | I7: =MAX(C$3:C$32) -> 17 | J7: =MAX(D$3:D$32) -> 14 | K7: =MAX(E$3:E$32) -> 31
A8: NI | B8: P_B0Z | C8: =COUNTIFS(summary!$B$2:$B$460,'Fluency-MT1'!$B8,summary!$D$2:$D$460,RIGHT('Fluency-MT1'!$C$1,3)) -> 4 | D8: =COUNTIFS(summary!$B$2:$B$460,'Fluency-MT1'!$B8,summary!$D$2:$D$460,RIGHT('Fluency-MT1'!$D$1,3)) -> 5 | E8: =SUM(C8:D8) -> 9
A9: NI | B9: P_V2A | C9: =COUNTIFS(summary!$B$2:$B$460,'Fluency-MT1'!$B9,summary!$D$2:$D$460,RIGHT('Fluency-MT1'!$C$1,3)) -> 6 | D9: =COUNTIFS(summary!$B$2:$B$460,'Fluency-MT1'!$B9,summary!$D$2:$D$460,RIGHT('Fluency-MT1'!$D$1,3)) -> 11 | E9: =SUM(C9:D9) -> 17
A10: NI | B10: P_Z2A | C10: =COUNTIFS(summary!$B$2:$B$460,'Fluency-MT1'!$B10,summary!$D$2:$D$460,RIGHT('Fluency-MT1'!$C$1,3)) -> 2 | D10: =COUNTIFS(summary!$B$2:$B$460,'Fluency-MT1'!$B10,summary!$D$2:$D$460,RIGHT('Fluency-MT1'!$D$1,3)) -> 7 | E10: =SUM(C10:D10) -> 9
A11: NI | B11: P_X0T | C11: =COUNTIFS(summary!$B$2:$B$460,'Fluency-MT1'!$B11,summary!$D$2:$D$460,RIGHT('Fluency-MT1'!$C$1,3)) -> 5 | D11: =COUNTIFS(summary!$B$2:$B$460,'Fluency-MT1'!$B11,summary!$D$2:$D$460,RIGHT('Fluency-MT1'!$D$1,3)) -> 6 | E11: =SUM(C11:D11) -> 11
A12: NI | B12: P_B7Q | C12: =COUNTIFS(summary!$B$2:$B$460,'Fluency-MT1'!$B12,summary!$D$2:$D$460,RIGHT('Fluency-MT1'!$C$1,3)) -> 7 | D12: =COUNTIFS(summary!$B$2:$B$460,'Fluency-MT1'!$B12,summary!$D$2:$D$460,RIGHT('Fluency-MT1'!$D$1,3)) -> 10 | E12: =SUM(C12:D12) -> 17
A13: VZ | B13: P_W5V | C13: =COUNTIFS(summary!$B$2:$B$460,'Fluency-MT1'!$B13,summary!$D$2:$D$460,RIGHT('Fluency-MT1'!$C$1,3)) -> 7 | D13: =COUNTIFS(summary!$B$2:$B$460,'Fluency-MT1'!$B13,summary!$D$2:$D$460,RIGHT('Fluency-MT1'!$D$1,3)) -> 5 | E13: =SUM(C13:D13) -> 12
A14: VZ | B14: P_L3X | C14: =COUNTIFS(summary!$B$2:$B$460,'Fluency-MT1'!$B14,summary!$D$2:$D$460,RIGHT('Fluency-MT1'!$C$1,3)) -> 7 | D14: =COUNTIFS(summary!$B$2:$B$460,'Fluency-MT1'!$B14,summary!$D$2:$D$460,RIGHT('Fluency-MT1'!$D$1,3)) -> 8 | E14: =SUM(C14:D14) -> 15
A15: VZ | B15: P_A4T | C15: =COUNTIFS(summary!$B$2:$B$460,'Fluency-MT1'!$B15,summary!$D$2:$D$460,RIGHT('Fluency-MT1'!$C$1,3)) -> 7 | D15: =COUNTIFS(summary!$B$2:$B$460,'Fluency-MT1'!$B15,summary!$D$2:$D$460,RIGHT('Fluency-MT1'!$D$1,3)) -> 8 | E15: =SUM(C15:D15) -> 15
A16: VZ | B16: P_O7W | C16: =COUNTIFS(summary!$B$2:$B$460,'Fluency-MT1'!$B16,summary!$D$2:$D$460,RIGHT('Fluency-MT1'!$C$1,3)) -> 6 | D16: =COUNTIFS(summary!$B$2:$B$460,'Fluency-MT1'!$B16,summary!$D$2:$D$460,RIGHT('Fluency-MT1'!$D$1,3)) -> 13 | E16: =SUM(C16:D16) -> 19
A17: VZ | B17: P_L7K | C17: =COUNTIFS(summary!$B$2:$B$460,'Fluency-MT1'!$B17,summary!$D$2:$D$460,RIGHT('Fluency-MT1'!$C$1,3)) -> 4 | D17: =COUNTIFS(summary!$B$2:$B$460,'Fluency-MT1'!$B17,summary!$D$2:$D$460,RIGHT('Fluency-MT1'!$D$1,3)) -> 2 | E17: =SUM(C17:D17) -> 6
A18: VZ | B18: P_K5X | C18: =COUNTIFS(summary!$B$2:$B$460,'Fluency-MT1'!$B18,summary!$D$2:$D$460,RIGHT('Fluency-MT1'!$C$1,3)) -> 12 | D18: =COUNTIFS(summary!$B$2:$B$460,'Fluency-MT1'!$B18,summary!$D$2:$D$460,RIGHT('Fluency-MT1'!$D$1,3)) -> 14 | E18: =SUM(C18:D18) -> 26
A19: VZ | B19: P_L4V | C19: =COUNTIFS(summary!$B$2:$B$460,'Fluency-MT1'!$B19,summary!$D$2:$D$460,RIGHT('Fluency-MT1'!$C$1,3)) -> 17 | D19: =COUNTIFS(summary!$B$2:$B$460,'Fluency-MT1'!$B19,summary!$D$2:$D$460,RIGHT('Fluency-MT1'!$D$1,3)) -> 14 | E19: =SUM(C19:D19) -> 31
... A30: XX | B30: P_A6W | C30: =COUNTIFS(summary!$B$2:$B$460,'Fluency-MT1'!$B30,summary!$D$2:$D$460,RIGHT('Fluency-MT1'!$C$1,3)) -> 5 | D30: =COUNTIFS(summary!$B$2:$B$460,'Fluency-MT1'!$B30,summary!$D$2:$D$460,RIGHT('Fluency-MT1'!$D$1,3)) -> 9 | E30: =SUM(C30:D30) -> 14
A31: XX | B31: P_H7P | C31: =COUNTIFS(summary!$B$2:$B$460,'Fluency-MT1'!$B31,summary!$D$2:$D$460,RIGHT('Fluency-MT1'!$C$1,3)) -> 9 | D31: =COUNTIFS(summary!$B$2:$B$460,'Fluency-MT1'!$B31,summary!$D$2:$D$460,RIGHT('Fluency-MT1'!$D$1,3)) -> 14 | E31: =SUM(C31:D31) -> 23 | H31: H0 = KYY / ZSB have same average fluency
A32: XX | B32: P_W6F | C32: =COUNTIFS(summary!$B$2:$B$460,'Fluency-MT1'!$B32,summary!$D$2:$D$460,RIGHT('Fluency-MT1'!$C$1,3)) -> 7 | D32: =COUNTIFS(summary!$B$2:$B$460,'Fluency-MT1'!$B32,summary!$D$2:$D$460,RIGHT('Fluency-MT1'!$D$1,3)) -> 9 | E32: =SUM(C32:D32) -> 16 | H32: T-Test [scipy]
H33: Ttest_relResult(statistic=-3.7764382827252887, pvalue=0.0007314982817029818)
C34: =SUM(C3:C32) -> 204 | D34: =SUM(D3:D32) -> 255 | E34: =SUM(E3:E32) -> 459 | H34: --> Reject
H35: Sig. difference between Fluency values in KYY/ZSB

Sheet masked_data_qualAnalysis_base
A1: GroupID | B1: ParticipantID | C1: SolutionID | D1: PrePost | E1: FullID | F1: Include | G1: maxStress | H1: hasBreak | I1: budgetUsed | J1: result | L1: type | M1: numAnchorsUsed | N1: deckType_1 | O1: deckType_2 | P1: deckShape_1 | Q1: deckShape_2 | R1: deckShape_3 | S1: deckShape_4 | T1: structurePosition_Top | U1: structurePosition_Bottom | V1: structurePosition_Rock | W1: structureShape_1 | X1: structureShape_2 | Y1: hasBraces_1 | Z1: hasBraces_2 | AA1: roadAsStrut | AB1: rockSupportShape | AC1: rockSupportMat | AD1: structureSize | AE1: materialRoad | AF1: materialReinfRoad | AG1: materialWood | AH1: materialSteel | AI1: MaterialOther | AJ1: leftAnchorConnected | AK1: rightAnchorConnected | AL1: midAnchorConnected | AM1: hasDangling | AN1: restOnRock | AO1: predominantMaterialSupport | AP1: predominantMaterialDeck | AQ1: hasDiamonds | AR1: hasStructure | AS1: doubleFeature | AT1: isModded | AU1: exploitType | AV1: failType | AW1: Obs
A2: VZ | B2: P_A4T | C2: S_1Q4 | D2: KYY | E2: =B2&"-"&D2&"-"&C2 -> P_A4T-KYY-S_1Q4 | F2: TRUE | G2: 99.9 | H2: 0 | I2: 13397 | J2: fail | L2: bridge | M2: 3 | N2: missing_section | O2: middle | P2: straight | Q2: ramp | R2: declined | S2: - | T2: top_structure | U2: no_structure | V2: rock_structure | W2: standard_truss | X2: other | Y2: no_braces | Z2: no_braces | AA2: no | AB2: multiple_beams | AC2: multiple_materials | AD2: medium | AE2: yes | AF2: no | AG2: yes | AH2: yes | AI2: no | AJ2: road+support | AK2: road_only | AL2: support_only | AM2: no | AN2: no | AO2: wood | AP2: road | AQ2: no | AR2: yes | AS2: no | AT2: no | AU2: no_exploit | AV2: =IF(J2="fail",IF(H2=1,"break","car_stuck"),"no_fail") -> car_stuck | AW2: *check video
A3: VZ | B3: P_A4T | C3: S_7W0 | D3: ZSB | E3: =B3&"-"&D3&"-"&C3 -> P_A4T-ZSB-S_7W0 | F3: TRUE | G3: 87 | H3: 0 | I3: 12099 | J3: win | L3: bridge | M3: 3 | N3: continuous | O3: fully_connected | P3: inclined | Q3: arch | R3: - | S3: - | T3: top_structure | U3: bottom_structure | V3: rock_structure | W3: standard_truss | Y3: no_braces | Z3: no_braces | AA3: no | AB3: multiple_beams | AC3: wood | AD3: large | AE3: yes | AF3: no | AG3: yes | AH3: no | AI3: no | AJ3: road+support | AK3: road+support | AL3: support_only | AM3: no | AN3: no | AO3: wood | AP3: road | AQ3: no | AR3: yes | AS3: no | AT3: no | AU3: no_exploit | AV3: =IF(J3="fail",IF(H3=1,"break","car_stuck"),"no_fail") -> no_fail | AW3: *KYY or ZSB
A4: VZ | B4: P_A4T | C4: S_9F6 | D4: ZSB | E4: =B4&"-"&D4&"-"&C4 -> P_A4T-ZSB-S_9F6 | F4: TRUE | G4: 99.9 | H4: 0 | I4: 11915 | J4: fail | L4: bridge | M4: 2 | N4: missing_section | O4: multiple | P4: arch | Q4: - | R4: - | S4: - | T4: no_structure | U4: bottom_structure | V4: no_structure | W4: standard_truss | Y4: no_braces | Z4: no_braces | AA4: no | AB4: no_support | AC4: no_support | AD4: medium | AE4: yes | AF4: no | AG4: yes | AH4: yes | AI4: no | AJ4: support_only | AK4: support_only | AL4: no_connection | AM4: no | AN4: no | AO4: wood | AP4: road | AQ4: no | AR4: yes | AS4: no | AT4: no | AU4: no_exploit | AV4: =IF(J4="fail",IF(H4=1,"break","car_stuck"),"no_fail") -> car_stuck | AW4: *check video
A5: VZ | B5: P_A4T | C5: S_0M4 | D5: KYY | E5: =B5&"-"&D5&"-"&C5 -> P_A4T-KYY-S_0M4 | F5: TRUE | G5: 69.2 | H5: 0 | I5: 15028 | J5: win | L5: bridge | M5: 3 | N5: continuous | O5: fully_connected | P5: straight | Q5: ramp | R5: arch | S5: - | T5: top_structure | U5: no_structure | V5: rock_structure | W5: standard_truss | Y5: no_braces | Z5: no_braces | AA5: no | AB5: multiple_beams | AC5: multiple_materials | AD5: medium | AE5: yes | AF5: no | AG5: yes | AH5: yes | AI5: no | AJ5: road+support | AK5: road+support | AL5: support_only | AM5: no | AN5: no | AO5: wood | AP5: road | AQ5: no | AR5: yes | AS5: no | AT5: no | AU5: no_exploit | AV5: =IF(J5="fail",IF(H5=1,"break","car_stuck"),"no_fail") -> no_fail
A6: VZ | B6: P_A4T | C6: S_1B0 | D6: KYY | E6: =B6&"-"&D6&"-"&C6 -> P_A4T-KYY-S_1B0 | F6: TRUE | G6: 100 | H6: 1 | I6: 14512 | J6: win | L6: bridge | M6: 3 | N6: continuous | O6: fully_connected | P6: straight | Q6: ramp | R6: arch | S6: - | T6: top_structure | U6: no_structure | V6: rock_structure | W6: standard_truss | Y6: no_braces | Z6: no_braces | AA6: no | AB6: multiple_beams | AC6: multiple_materials | AD6: medium | AE6: yes | AF6: no | AG6: yes | AH6: yes | AI6: no | AJ6: road+support | AK6: road_only | AL6: support_only | AM6: no | AN6: no | AO6: wood | AP6: road | AQ6: no | AR6: yes | AS6: no | AT6: no | AU6: no_exploit | AV6: =IF(J6="fail",IF(H6=1,"break","car_stuck"),"no_fail") -> no_fail
A7: VZ | B7: P_A4T | C7: S_4U3 | D7: KYY | E7: =B7&"-"&D7&"-"&C7 -> P_A4T-KYY-S_4U3 | F7: TRUE | G7: 100 | H7: 1 | I7: 20421 | J7: fail | L7: bridge | M7: 3 | N7: continuous | O7: fully_connected | P7: straight | Q7: ramp | R7: arch | S7: - | T7: top_structure | U7: no_structure | V7: rock_structure | W7: standard_truss | Y7: no_braces | Z7: no_braces | AA7: no | AB7: multiple_beams | AC7: multiple_materials | AD7: large | AE7: yes | AF7: yes | AG7: yes | AH7: yes | AI7: no | AJ7: road+support | AK7: road+support | AL7: support_only | AM7: no | AN7: no | AO7: steel | AP7: reinforced_road | AQ7: no | AR7: yes | AS7: no | AT7: no | AU7: no_exploit | AV7: =IF(J7="fail",IF(H7=1,"break","car_stuck"),"no_fail") -> break
A8: VZ | B8: P_A4T | C8: S_6B5 | D8: KYY | E8: =B8&"-"&D8&"-"&C8 -> P_A4T-KYY-S_6B5 | F8: TRUE | G8: 100 | H8: 1 | I8: 18768 | J8: fail | L8: bridge | M8: 3 | N8: continuous | O8: fully_connected | P8: straight | Q8: ramp | R8: arch | S8: - | T8: top_structure | U8: no_structure | V8: rock_structure | W8: standard_truss | Y8: no_braces | Z8: no_braces | AA8: no | AB8: multiple_beams | AC8: multiple_materials | AD8: large | AE8: yes | AF8: no | AG8: yes | AH8: yes | AI8: no | AJ8: road+support | AK8: road+support | AL8: support_only | AM8: no | AN8: no | AO8: steel | AP8: road | AQ8: no | AR8: yes | AS8: no | AT8: no | AU8: no_exploit | AV8: =IF(J8="fail",IF(H8=1,"break","car_stuck"),"no_fail") -> break
A9: VZ | B9: P_A4T | C9: S_6U7 | D9: KYY | E9: =B9&"-"&D9&"-"&C9 -> P_A4T-KYY-S_6U7 | F9: TRUE | G9: 100 | H9: 1 | I9: 17066 | J9: fail | L9: bridge | M9: 3 | N9: continuous | O9: fully_connected | P9: straight | Q9: ramp | R9: arch | S9: - | T9: top_structure | U9: no_structure | V9: rock_structure | W9: standard_truss | X9: other | Y9: no_braces | Z9: no_braces | AA9: no | AB9: multiple_beams | AC9: multiple_materials | AD9: large | AE9: yes | AF9: no | AG9: yes | AH9: yes | AI9: no | AJ9: road+support | AK9: road+support | AL9: support_only | AM9: no | AN9: no | AO9: steel | AP9: road | AQ9: no | AR9: yes | AS9: no | AT9: no | AU9: no_exploit | AV9: =IF(J9="fail",IF(H9=1,"break","car_stuck"),"no_fail") -> break
A10: VZ | B10: P_A4T | C10: S_0T2 | D10: ZSB | E10: =B10&"-"&D10&"-"&C10 -> P_A4T-ZSB-S_0T2 | F10: TRUE | G10: 100 | H10: 1 | I10: 9668 | J10: fail | L10: bridge | M10: 2 | N10: continuous | O10: fully_connected | P10: arch | Q10: - | R10: - | S10: - | T10: no_structure | U10: bottom_structure | V10: no_structure | W10: standard_truss | Y10: no_braces | Z10: no_braces | AA10: no | AB10: no_support | AC10: no_support | AD10: medium | AE10: yes | AF10: no | AG10: yes | AH10: no | AI10: no | AJ10: road+support | AK10: road+support | AL10: no_connection | AM10: no | AN10: no | AO10: wood | AP10: road | AQ10: no | AR10: yes | AS10: no | AT10: no | AU10: no_exploit | AV10: =IF(J10="fail",IF(H10=1,"break","car_stuck"),"no_fail") -> break
A11: VZ | B11: P_A4T | C11: S_1J8 | D11: ZSB | E11: =B11&"-"&D11&"-"&C11 -> P_A4T-ZSB-S_1J8 | F11: TRUE | G11: 100 | H11: 1 | I11: 16249 | J11: fail | L11: bridge | M11: 2 | N11: continuous | O11: fully_connected | P11: arch | Q11: - | R11: - | S11: - | T11: top_structure | U11: bottom_structure | V11: no_structure | W11: standard_truss | Y11: no_braces | Z11: no_braces | AA11: no | AB11: no_support | AC11: no_support | AD11: medium | AE11: yes | AF11: no | AG11: yes | AH11: no | AI11: no | AJ11: road+support | AK11: road+support | AL11: no_connection | AM11: no | AN11: no | AO11: wood | AP11: road | AQ11: no | AR11: yes | AS11: no | AT11: no | AU11: no_exploit | AV11: =IF(J11="fail",IF(H11=1,"break","car_stuck"),"no_fail") -> break
A12: VZ | B12: P_A4T | C12: S_1U0 | D12: ZSB | E12: =B12&"-"&D12&"-"&C12 -> P_A4T-ZSB-S_1U0 | F12: TRUE | G12: 100 | H12: 1 | I12: 13608 | J12: fail | L12: bridge | M12: 2 | N12: continuous | O12: fully_connected | P12: arch | Q12: - | R12: - | S12: - | T12: top_structure | U12: bottom_structure | V12: no_structure | W12: standard_truss | Y12: no_braces | Z12: no_braces | AA12: no | AB12: no_support | AC12: no_support | AD12: medium | AE12: yes | AF12: no | AG12: yes | AH12: no | AI12: no | AJ12: road+support | AK12: road+support | AL12: no_connection | AM12: no | AN12: no | AO12: wood | AP12: road | AQ12: no | AR12: yes | AS12: no | AT12: no | AU12: no_exploit | AV12: =IF(J12="fail",IF(H12=1,"break","car_stuck"),"no_fail") -> break
A13: VZ | B13: P_A4T | C13: S_3X6 | D13: ZSB | E13: =B13&"-"&D13&"-"&C13 -> P_A4T-ZSB-S_3X6 | F13: TRUE | G13: 88 | H13: 0 | I13: 9763 | J13: win | L13: bridge | M13: 3 | N13: continuous | O13: fully_connected | P13: inclined | Q13: arch | R13: - | S13: - | T13: top_structure | U13: bottom_structure | V13: rock_structure | W13: standard_truss | Y13: no_braces | Z13: no_braces | AA13: no | AB13: multiple_beams | AC13: wood | AD13: medium | AE13: yes | AF13: no | AG13: yes | AH13: no | AI13: no | AJ13: road+support | AK13: road+support | AL13: support_only | AM13: no | AN13: no | AO13: wood | AP13: road | AQ13: no | AR13: yes | AS13: no | AT13: no | AU13: no_exploit | AV13: no_fail
A14: VZ | B14: P_A4T | C14: S_8O8 | D14: ZSB | E14: =B14&"-"&D14&"-"&C14 -> P_A4T-ZSB-S_8O8 | F14: TRUE | G14: 92.5 | H14: 0 | I14: 16613 | J14: win | L14: bridge | M14: 2 | N14: missing_section | O14: right | P14: arch | Q14: - | R14: - | S14: - | T14: top_structure | U14: bottom_structure | V14: no_structure | W14: standard_truss | Y14: no_braces | Z14: no_braces | AA14: no | AB14: no_support | AC14: no_support | AD14: medium | AE14: yes | AF14: no | AG14: yes | AH14: yes | AI14: no | AJ14: road+support | AK14: support_only | AL14: no_connection | AM14: no | AN14: no | AO14: wood | AP14: road | AQ14: no | AR14: yes | AS14: no | AT14: no | AU14: no_exploit | AV14: =IF(J14="fail",IF(H14=1,"break","car_stuck"),"no_fail") -> no_fail
A15: VZ | B15: P_A4T | C15: S_9B4 | D15: ZSB | E15: =B15&"-"&D15&"-"&C15 -> P_A4T-ZSB-S_9B4 | F15: TRUE | G15: 100 | H15: 1 | I15: 15206 | J15: fail | L15: bridge | M15: 3 | N15: continuous | O15: fully_connected | P15: inclined | Q15: arch | R15: - | S15: - | T15: top_structure | U15: bottom_structure | V15: rock_structure | W15: other | X15: standard_truss | Y15: no_braces | Z15: no_braces | AA15: no | AB15: multiple_beams | AC15: wood | AD15: large | AE15: yes | AF15: no | AG15: yes | AH15: yes | AI15: no | AJ15: road+support | AK15: road+support | AL15: support_only | AM15: no | AN15: no | AO15: steel | AP15: road | AQ15: no | AR15: yes | AS15: no | AT15: no | AU15: no_exploit | AV15: =IF(J15="fail",IF(H15=1,"break","car_stuck"),"no_fail") -> break
A16: VZ | B16: P_A4T | C16: S_9T2 | D16: ZSB | E16: =B16&"-"&D16&"-"&C16 -> P_A4T-ZSB-S_9T2 | F16: TRUE | G16: 88.2 | H16: 0 | I16: 27467 | J16: win | L16: bridge | M16: 3 | N16: continuous | O16: fully_connected | P16: inclined | Q16: arch | R16: straight | S16: - | T16: top_structure | U16: bottom_structure | V16: no_structure | W16: standard_truss | Y16: no_braces | Z16: no_braces | AA16: yes | AB16: no_support | AC16: no_support | AD16: medium | AE16: yes | AF16: no | AG16: yes | AH16: yes | AI16: no | AJ16: road+support | AK16: road+support | AL16: no_connection | AM16: no | AN16: no | AO16: steel | AP16: road | AQ16: no | AR16: yes | AS16: no | AT16: no | AU16: no_exploit | AV16: =IF(J16="fail",IF(H16=1,"break","car_stuck"),"no_fail") -> no_fail
A17: XX | B17: P_A6W | C17: S_0M4 | D17: KYY | E17: =B17&"-"&D17&"-"&C17 -> P_A6W-KYY-S_0M4 | F17: TRUE | G17: 100 | H17: 1 | I17: 11618 | J17: fail | L17: bridge | M17: 3 | N17: continuous | O17: fully_connected | P17: arch | Q17: - | R17: - | S17: - | T17: no_structure | U17: bottom_structure | V17: rock_structure | W17: standard_truss | X17: other | Y17: no_braces | Z17: no_braces | AA17: no | AB17: vertical_beam | AC17: steel | AD17: medium | AE17: yes | AF17: no | AG17: yes | AH17: yes | AI17: no | AJ17: road+support | AK17: road+support | AL17: support_only | AM17: no | AN17: no | AO17: steel | AP17: road | AQ17: no | AR17: yes | AS17: double_deck | AT17: no | AU17: no_exploit | AV17: =IF(J17="fail",IF(H17=1,"break","car_stuck"),"no_fail") -> break
A18: XX | B18: P_A6W | C18: S_1B0 | D18: KYY | E18: =B18&"-"&D18&"-"&C18 -> P_A6W-KYY-S_1B0 | F18: TRUE | G18: 91 | H18: 0 | I18: 14925 | J18: win | L18: bridge | M18: 3 | N18: continuous | O18: fully_connected | P18: straight | Q18: arch | R18: - | S18: - | T18: top_structure | U18: no_structure | V18: rock_structure | W18: standard_truss | X18: square_truss | Y18: no_braces | Z18: no_braces | AA18: no | AB18: multiple_beams | AC18: steel | AD18: medium | AE18: no | AF18: yes | AG18: yes | AH18: yes | AI18: no | AJ18: road+support | AK18: road+support | AL18: support_only | AM18: no | AN18: no | AO18: wood | AP18: reinforced_road | AQ18: no | AR18: yes | AS18: no | AT18: no | AU18: no_exploit | AV18: =IF(J18="fail",IF(H18=1,"break","car_stuck"),"no_fail") -> no_fail
A19: XX | B19: P_A6W | C19: S_1Q4 | D19: KYY | E19: =B19&"-"&D19&"-"&C19 -> P_A6W-KYY-S_1Q4 | F19: TRUE | G19: 100 | H19: 1 | I19: 11946 | J19: win | L19: bridge | M19: 3 | N19: continuous | O19: fully_connected | P19: straight | Q19: arch | R19: - | S19: - | T19: top_structure | U19: no_structure | V19: rock_structure | W19: standard_truss | X19: square_truss | Y19: no_braces | Z19: no_braces | AA19: no | AB19: multiple_beams | AC19: steel | AD19: medium | AE19: yes | AF19: no | AG19: yes | AH19: yes | AI19: no | AJ19: road+support | AK19: road+support | AL19: support_only | AM19: no | AN19: no | AO19: wood | AP19: road | AQ19: no | AR19: yes | AS19: no | AT19: no | AU19: no_exploit | AV19: =IF(J19="fail",IF(H19=1,"break","car_stuck"),"no_fail") -> no_fail
A20: XX | B20: P_A6W | C20: S_6B5 | D20: KYY | E20: =B20&"-"&D20&"-"&C20 -> P_A6W-KYY-S_6B5 | F20: TRUE | G20: 83.3 | H20: 0 | I20: 14818 | J20: win | L20: bridge | M20: 3 | N20: continuous | O20: fully_connected | P20: arch | Q20: - | R20: - | S20: - | T20: top_structure | U20: bottom_structure | V20: rock_structure | W20: arch_truss | X20: standard_truss | Y20: no_braces | Z20: no_braces | AA20: no | AB20: multiple_beams | AC20: steel | AD20: small | AE20: yes | AF20: yes | AG20: yes | AH20: yes | AI20: no | AJ20: road+support | AK20: road+support | AL20: support_only | AM20: no | AN20: no | AO20: wood | AP20: road | AQ20: no | AR20: yes | AS20: double_deck | AT20: no | AU20: no_exploit | AV20: =IF(J20="fail",IF(H20=1,"break","car_stuck"),"no_fail") -> no_fail
A21: XX | B21: P_A6W | C21: S_6U7 | D21: KYY | E21: =B21&"-"&D21&"-"&C21 -> P_A6W-KYY-S_6U7 | F21: TRUE | G21: 100 | H21: 1 | I21: 15080 | J21: fail | L21: bridge | M21: 3 | N21: continuous | O21: fully_connected | P21: arch | Q21: - | R21: - | S21: - | T21: top_structure | U21: bottom_structure | V21: rock_structure | W21: arch_truss | X21: standard_truss | Y21: no_braces | Z21: no_braces | AA21: no | AB21: multiple_beams | AC21: steel | AD21: small | AE21: yes | AF21: no | AG21: yes | AH21: yes | AI21: no | AJ21: road+support | AK21: road+support | AL21: support_only | AM21: no | AN21: no | AO21: wood | AP21: road | AQ21: no | AR21: yes | AS21: double_deck | AT21: no | AU21: no_exploit | AV21: =IF(J21="fail",IF(H21=1,"break","car_stuck"),"no_fail") -> break
A22: XX | B22: P_A6W | C22: S_0T2 | D22: ZSB | E22: =B22&"-"&D22&"-"&C22 -> P_A6W-ZSB-S_0T2 | F22: TRUE | G22: 100 | H22: 1 | I22: 9025 | J22: fail | L22: bridge | M22: 2 | N22: continuous | O22: fully_connected | P22: arch | Q22: - | R22: - | S22: - | T22: no_structure | U22: bottom_structure | V22: no_structure | W22: standard_truss | Y22: no_braces | Z22: no_braces | AA22: no | AB22: no_support | AC22: no_support | AD22: medium | AE22: yes | AF22: no | AG22: yes | AH22: yes | AI22: no | AJ22: road+support | AK22: road+support | AL22: no_connection | AM22: no | AN22: no | AO22: wood | AP22: road | AQ22: no | AR22: yes | AS22: no | AT22: no | AU22: no_exploit | AV22: =IF(J22="fail",IF(H22=1,"break","car_stuck"),"no_fail") -> break
A23: XX | B23: P_A6W | C23: S_1J8 | D23: ZSB | E23: =B23&"-"&D23&"-"&C23 -> P_A6W-ZSB-S_1J8 | F23: TRUE | G23: 54.9 | H23: 0 | I23: 12165 | J23: win | L23: bridge | M23: 3 | N23: continuous | O23: fully_connected | P23: inclined | Q23: arch | R23: - | S23: - | T23: top_structure | U23: no_structure | V23: rock_structure | W23: standard_truss | Y23: no_braces | Z23: no_braces | AA23: no | AB23: multiple_beams | AC23: steel | AD23: medium | AE23: yes | AF23: no | AG23: yes | AH23: yes | AI23: no | AJ23: road+support | AK23: road+support | AL23: support_only | AM23: no | AN23: no | AO23: wood | AP23: road | AQ23: no | AR23: yes | AS23: no | AT23: no | AU23: no_exploit | AV23: =IF(J23="fail",IF(H23=1,"break","car_stuck"),"no_fail") -> no_fail
A24: XX | B24: P_A6W | C24: S_1U0 | D24: ZSB | E24: =B24&"-"&D24&"-"&C24 -> P_A6W-ZSB-S_1U0 | F24: TRUE | G24: 67.9 | H24: 0 | I24: 12060 | J24: win | L24: bridge | M24: 2 | N24: continuous | O24: fully_connected | P24: arch | Q24: - | R24: - | S24: - | T24: no_structure | U24: bottom_structure | V24: no_structure | W24: standard_truss | Y24: no_braces | Z24: no_braces | AA24: no | AB24: no_support | AC24: no_support | AD24: medium | AE24: no | AF24: yes | AG24: yes | AH24: no | AI24: no | AJ24: road+support | AK24: road+support | AL24: no_connection | AM24: no | AN24: no | AO24: wood | AP24: reinforced_road | AQ24: no | AR24: yes | AS24: no | AT24: no | AU24: no_exploit | AV24: =IF(J24="fail",IF(H24=1,"break","car_stuck"),"no_fail") -> no_fail
A25: XX | B25: P_A6W | C25: S_3X6 | D25: ZSB | E25: =B25&"-"&D25&"-"&C25 -> P_A6W-ZSB-S_3X6 | F25: TRUE | G25: 92.6 | H25: 0 | I25: 10426 | J25: win | L25: bridge | M25: 3 | N25: continuous | O25: fully_connected | P25: straight | Q25: ramp | R25: arch | S25: - | T25: no_structure | U25: bottom_structure | V25: rock_structure | W25: standard_truss | Y25: no_braces | Z25: no_braces | AA25: no | AB25: multiple_beams | AC25: multiple_materials | AD25: medium | AE25: yes | AF25: no | AG25: yes | AH25: yes | AI25: no | AJ25: road+support | AK25: road+support | AL25: support_only | AM25: no | AN25: no | AO25: wood | AP25: road | AQ25: no | AR25: yes | AS25: no | AT25: no | AU25: no_exploit | AV25: =IF(J25="fail",IF(H25=1,"break","car_stuck"),"no_fail") -> no_fail
A26: XX | B26: P_A6W | C26: S_4U3 | D26: ZSB | E26: =B26&"-"&D26&"-"&C26 -> P_A6W-ZSB-S_4U3 | F26: TRUE | G26: 71.8 | H26: 0 | I26: 14160 | J26: win | L26: bridge | M26: 3 | N26: continuous | O26: fully_connected | P26: straight | Q26: inclined | R26: arch | S26: - | T26: top_structure | U26: bottom_structure | V26: rock_structure | W26: standard_truss | Y26: no_braces | Z26: no_braces | AA26: no | AB26: multiple_beams | AC26: multiple_materials | AD26: small | AE26: yes | AF26: yes | AG26: yes | AH26: yes | AI26: no | AJ26: road+support | AK26: road+support | AL26: support_only | AM26: no | AN26: no | AO26: wood | AP26: road | AQ26: no | AR26: yes | AS26: no | AT26: no | AU26: no_exploit | AV26: =IF(J26="fail",IF(H26=1,"break","car_stuck"),"no_fail") -> no_fail
A27: XX | B27: P_A6W | C27: S_7W0 | D27: ZSB | E27: =B27&"-"&D27&"-"&C27 -> P_A6W-ZSB-S_7W0 | F27: TRUE | G27: 100 | H27: 1 | I27: 9939 | J27: win | L27: bridge | M27: 3 | N27: continuous | O27: fully_connected | P27: straight | Q27: ramp | R27: arch | S27: - | T27: no_structure | U27: bottom_structure | V27: rock_structure | W27: standard_truss | Y27: no_braces | Z27: no_braces | AA27: no | AB27: multiple_beams | AC27: multiple_materials | AD27: medium | AE27: yes | AF27: no | AG27: yes | AH27: no | AI27: no | AJ27: road+support | AK27: road+support | AL27: support_only | AM27: no | AN27: no | AO27: wood | AP27: road | AQ27: no | AR27: yes | AS27: no | AT27: no | AU27: no_exploit | AV27: =IF(J27="fail",IF(H27=1,"break","car_stuck"),"no_fail") -> no_fail
A28: XX | B28: P_A6W | C28: S_8O8 | D28: ZSB | E28: =B28&"-"&D28&"-"&C28 -> P_A6W-ZSB-S_8O8 | F28: TRUE | G28: 100 | H28: 1 | I28: 21200 | J28: fail | L28: bridge | M28: 3 | N28: continuous | O28: fully_connected | P28: inclined | Q28: arch | R28: - | S28: - | T28: top_structure | U28: no_structure | V28: rock_structure | W28: standard_truss | Y28: no_braces | Z28: no_braces | AA28: no | AB28: multiple_beams | AC28: steel | AD28: large | AE28: yes | AF28: no | AG28: no | AH28: yes | AI28: no | AJ28: road+support | AK28: road+support | AL28: support_only | AM28: no | AN28: no | AO28: steel | AP28: road | AQ28: no | AR28: yes | AS28: no | AT28: no | AU28: no_exploit | AV28: =IF(J28="fail",IF(H28=1,"break","car_stuck"),"no_fail") -> break
A29: XX | B29: P_A6W | C29: S_9B4 | D29: ZSB | E29: =B29&"-"&D29&"-"&C29 -> P_A6W-ZSB-S_9B4 | F29: TRUE | G29: 99.8 | H29: 0 | I29: 9408 | J29: win | L29: bridge | M29: 2 | N29: continuous | O29: fully_connected | P29: arch | Q29: - | R29: - | S29: - | T29: top_structure | U29: no_structure | V29: no_structure | W29: standard_truss | Y29: no_braces | Z29: no_braces | AA29: no | AB29: no_support | AC29: no_support | AD29: medium | AE29: yes | AF29: no | AG29: yes | AH29: no | AI29: no | AJ29: road+support | AK29: road+support | AL29: no_connection | AM29: no | AN29: no | AO29: wood | AP29: road | AQ29: no | AR29: yes | AS29: no | AT29: no | AU29: no_exploit | AV29: =IF(J29="fail",IF(H29=1,"break","car_stuck"),"no_fail") -> no_fail
A30: XX | B30: P_A6W | C30: S_9F6 | D30: ZSB | E30: =B30&"-"&D30&"-"&C30 -> P_A6W-ZSB-S_9F6 | F30: TRUE | G30: 100 | H30: 1 | I30: 24094 | J30: fail | L30: bridge | M30: 3 | N30: continuous | O30: fully_connected | P30: inclined | Q30: arch | R30: - | S30: - | T30: top_structure | U30: no_structure | V30: rock_structure | W30: standard_truss | Y30: no_braces | Z30: no_braces | AA30: no | AB30: multiple_beams | AC30: steel | AD30: large | AE30: no | AF30: yes | AG30: no | AH30: yes | AI30: no | AJ30: road+support | AK30: road+support | AL30: support_only | AM30: no | AN30: no | AO30: steel | AP30: reinforced_road | AQ30: no | AR30: yes | AS30: no | AT30: no | AU30: no_exploit | AV30: =IF(J30="fail",IF(H30=1,"break","car_stuck"),"no_fail") -> break
A31: NI | B31: P_B0Z | C31: S_0M4 | D31: KYY | E31: =B31&"-"&D31&"-"&C31 -> P_B0Z-KYY-S_0M4 | F31: TRUE | G31: 100 | H31: 1 | I31: 9375 | J31: fail | L31: bridge | M31: 3 | N31: continuous | O31: fully_connected | P31: straight | Q31: platform | R31: - | S31: - | T31: top_structure | U31: no_structure | V31: rock_structure | W31: arch_truss | Y31: no_braces | Z31: no_braces | AA31: no | AB31: multiple_beams | AC31: steel | AD31: large | AE31: yes | AF31: yes | AG31: yes | AH31: yes | AI31: no | AJ31: road+support | AK31: road_only | AL31: support_only | AM31: no | AN31: no | AO31: wood | AP31: reinforced_road | AQ31: no | AR31: yes | AS31: no | AT31: no | AU31: no_exploit | AV31: =IF(J31="fail",IF(H31=1,"break","car_stuck"),"no_fail") -> break
A32: NI | B32: P_B0Z | C32: S_1B0 | D32: KYY | E32: =B32&"-"&D32&"-"&C32 -> P_B0Z-KYY-S_1B0 | F32: TRUE | G32: 100 | H32: 1 | I32: 13424 | J32: fail | L32: bridge | M32: 3 | N32: continuous | O32: fully_connected | P32: straight | Q32: arch | R32: - | S32: - | T32: top_structure | U32: no_structure | V32: rock_structure | W32: arch_truss | X32: standard_truss | Y32: no_braces | Z32: no_braces | AA32: no | AB32: multiple_beams | AC32: steel | AD32: medium | AE32: yes | AF32: no | AG32: yes | AH32: yes | AI32: no | AJ32: road+support | AK32: road+support | AL32: support_only | AM32: no | AN32: no | AO32: wood | AP32: road | AQ32: no | AR32: yes | AS32: no | AT32: no | AU32: no_exploit | AV32: =IF(J32="fail",IF(H32=1,"break","car_stuck"),"no_fail") -> break
A33: NI | B33: P_B0Z | C33: S_1Q4 | D33: KYY | E33: =B33&"-"&D33&"-"&C33 -> P_B0Z-KYY-S_1Q4 | F33: TRUE | G33: 100 | H33: 1 | I33: 9662 | J33: fail | L33: bridge | M33: 3 | N33: continuous | O33: fully_connected | P33: straight | Q33: arch | R33: - | S33: - | T33: top_structure | U33: no_structure | V33: rock_structure | W33: arch_truss | Y33: no_braces | Z33: no_braces | AA33: no | AB33: vertical_beam | AC33: steel | AD33: large | AE33: yes | AF33: no | AG33: yes | AH33: yes | AI33: no | AJ33: road+support | AK33: road+support | AL33: support_only | AM33: no | AN33: no | AO33: wood | AP33: road | AQ33: no | AR33: yes | AS33: no | AT33: no | AU33: no_exploit | AV33: =IF(J33="fail",IF(H33=1,"break","car_stuck"),"no_fail") -> break
A34: NI | B34: P_B0Z | C34: S_6U7 | D34: KYY | E34: =B34&"-"&D34&"-"&C34 -> P_B0Z-KYY-S_6U7 | F34: TRUE | G34: 100 | H34: 1 | I34: 15476 | J34: fail | L34: bridge | M34: 3 | N34: continuous | O34: fully_connected | P34: straight | Q34: platform | R34: - | S34: - | T34: top_structure | U34: bottom_structure | V34: rock_structure | W34: arch_truss | X34: other_truss | Y34: no_braces | Z34: no_braces | AA34: no | AB34: multiple_beams | AC34: steel | AD34: large | AE34: yes | AF34: yes | AG34: yes | AH34: yes | AI34: no | AJ34: road+support | AK34: road+support | AL34: support_only | AM34: no | AN34: no | AO34: wood | AP34: reinforced_road | AQ34: no | AR34: yes | AS34: no | AT34: no | AU34: no_exploit | AV34: =IF(J34="fail",IF(H34=1,"break","car_stuck"),"no_fail") -> break
A35: NI | B35: P_B0Z | C35: S_3X6 | D35: ZSB | E35: =B35&"-"&D35&"-"&C35 -> P_B0Z-ZSB-S_3X6 | F35: TRUE | G35: 100 | H35: 1 | I35: 16155 | J35: fail | L35: bridge | M35: 2 | N35: continuous | O35: fully_connected | P35: arch | Q35: - | R35: - | S35: - | T35: no_structure | U35: bottom_structure | V35: no_structure | W35: standard_truss | Y35: no_braces | Z35: no_braces | AA35: no | AB35: no_support | AC35: no_support | AD35: large | AE35: yes | AF35: no | AG35: yes | AH35: yes | AI35: no | AJ35: road+support | AK35: road+support | AL35: no_connection | AM35: no | AN35: no | AO35: steel | AP35: road | AQ35: no | AR35: yes | AS35: no | AT35: no | AU35: no_exploit | AV35: =IF(J35="fail",IF(H35=1,"break","car_stuck"),"no_fail") -> break
A36: NI | B36: P_B0Z | C36: S_4U3 | D36: ZSB | E36: =B36&"-"&D36&"-"&C36 -> P_B0Z-ZSB-S_4U3 | F36: TRUE | G36: 100 | H36: 1 | I36: 13046 | J36: win | L36: ramp | M36: 2 | N36: missing_section | O36: right | P36: inclined | Q36: - | R36: - | S36: - | T36: top_structure | U36: no_structure | V36: rock_structure | W36: standard_truss | Y36: no_braces | Z36: no_braces | AA36: no | AB36: multiple_beams | AC36: steel | AD36: medium | AE36: no | AF36: yes | AG36: yes | AH36: yes | AI36: no | AJ36: road+support | AK36: no_connection | AL36: support_only | AM36: no | AN36: no | AO36: wood | AP36: reinforced_road | AQ36: no | AR36: yes | AS36: no | AT36: no | AU36: no_exploit | AV36: =IF(J36="fail",IF(H36=1,"break","car_stuck"),"no_fail") -> no_fail
A37: NI | B37: P_B0Z | C37: S_6B5 | D37: ZSB | E37: =B37&"-"&D37&"-"&C37 -> P_B0Z-ZSB-S_6B5 | F37: TRUE | G37: 98.2 | H37: 0 | I37: 12211 | J37: win | L37: bridge | M37: 2 | N37: continuous | O37: fully_connected | P37: arch | Q37: - | R37: - | S37: - | T37: top_structure | U37: no_structure | V37: no_structure | W37: standard_truss | Y37: no_braces | Z37: no_braces | AA37: no | AB37: no_support | AC37: no_support | AD37: medium | AE37: no | AF37: yes | AG37: yes | AH37: no | AI37: no | AJ37: road+support | AK37: road+support | AL37: no_connection | AM37: no | AN37: no | AO37: wood | AP37: reinforced_road | AQ37: no | AR37: yes | AS37: no | AT37: no | AU37: no_exploit | AV37: =IF(J37="fail",IF(H37=1,"break","car_stuck"),"no_fail") -> no_fail
A38: NI | B38: P_B0Z | C38: S_7W0 | D38: ZSB | E38: =B38&"-"&D38&"-"&C38 -> P_B0Z-ZSB-S_7W0 | F38: TRUE | G38: 100 | H38: 1 | I38: 15062 | J38: fail | L38: bridge | M38: 2 | N38: continuous | O38: fully_connected | P38: inclined | Q38: declined | R38: - | S38: - | T38: top_structure | U38: no_structure | V38: no_structure | W38: standard_truss | Y38: no_braces | Z38: no_braces | AA38: no | AB38: no_support | AC38: no_support | AD38: medium | AE38: no | AF38: yes | AG38: yes | AH38: yes | AI38: no | AJ38: road+support | AK38: road+support | AL38: no_connection | AM38: no | AN38: no | AO38: wood | AP38: reinforced_road | AQ38: no | AR38: yes | AS38: no | AT38: no | AU38: no_exploit | AV38: =IF(J38="fail",IF(H38=1,"break","car_stuck"),"no_fail") -> break
A39: NI | B39: P_B0Z | C39: S_9B4 | D39: ZSB | E39: =B39&"-"&D39&"-"&C39 -> P_B0Z-ZSB-S_9B4 | F39: TRUE | G39: 100 | H39: 1 | I39: 12810 | J39: fail | L39: bridge | M39: 3 | N39: continuous | O39: fully_connected | P39: arch | Q39: - | R39: - | S39: - | T39: top_structure | U39: no_structure | V39: rock_structure | W39: standard_truss | Y39: no_braces | Z39: no_braces | AA39: no | AB39: vertical_beam | AC39: steel | AD39: small | AE39: no | AF39: yes | AG39: yes | AH39: yes | AI39: no | AJ39: road+support | AK39: road+support | AL39: support_only | AM39: no | AN39: no | AO39: wood | AP39: reinforced_road | AQ39: no | AR39: yes | AS39: no | AT39: no | AU39: no_exploit | AV39: =IF(J39="fail",IF(H39=1,"break","car_stuck"),"no_fail") -> break
A40: XX | B40: P_B2P | C40: S_0M4 | D40: KYY | E40: =B40&"-"&D40&"-"&C40 -> P_B2P-KYY-S_0M4 | F40: TRUE | G40: 76.2 | H40: 0 | I40: 11804 | J40: win | L40: bridge | M40: 3 | N40: continuous | O40: fully_connected | P40: arch | Q40: - | R40: - | S40: - | T40: top_structure | U40: no_structure | V40: rock_structure | W40: standard_truss | Y40: no_braces | Z40: no_braces | AA40: no | AB40: vertical_beam | AC40: steel | AD40: large | AE40: yes | AF40: no | AG40: yes | AH40: yes | AI40: no | AJ40: road+support | AK40: road+support | AL40: support_only | AM40: no | AN40: no | AO40: wood | AP40: road | AQ40: no | AR40: yes | AS40: no | AT40: no | AU40: no_exploit | AV40: =IF(J40="fail",IF(H40=1,"break","car_stuck"),"no_fail") -> no_fail
A41: XX | B41: P_B2P | C41: S_1B0 | D41: KYY | E41: =B41&"-"&D41&"-"&C41 -> P_B2P-KYY-S_1B0 | F41: TRUE | G41: 44.9 | H41: 0 | I41: 13413 | J41: win | L41: bridge | M41: 3 | N41: continuous | O41: fully_connected | P41: arch | Q41: - | R41: - | S41: - | T41: top_structure | U41: no_structure | V41: rock_structure | W41: standard_truss | Y41: no_braces | Z41: no_braces | AA41: no | AB41: multiple_beams | AC41: steel | AD41: large | AE41: yes | AF41: no | AG41: yes | AH41: yes | AI41: no | AJ41: road+support | AK41: road+support | AL41: support_only | AM41: no | AN41: no | AO41: wood | AP41: road | AQ41: no | AR41: yes | AS41: no | AT41: no | AU41: no_exploit | AV41: =IF(J41="fail",IF(H41=1,"break","car_stuck"),"no_fail") -> no_fail
A42: XX | B42: P_B2P | C42: S_1Q4 | D42: KYY | E42: =B42&"-"&D42&"-"&C42 -> P_B2P-KYY-S_1Q4 | F42: TRUE | G42: 46.7 | H42: 0 | I42: 15420 | J42: win | L42: bridge | M42: 3 | N42: continuous | O42: fully_connected | P42: inclined | Q42: arch | R42: - | S42: - | T42: top_structure | U42: no_structure | V42: rock_structure | W42: standard_truss | Y42: no_braces | Z42: no_braces | AA42: no | AB42: multiple_beams | AC42: steel | AD42: medium | AE42: yes | AF42: no | AG42: yes | AH42: yes | AI42: no | AJ42: road+support | AK42: road+support | AL42: support_only | AM42: no | AN42: no | AO42: wood | AP42: road | AQ42: no | AR42: yes | AS42: no | AT42: no | AU42: no_exploit | AV42: =IF(J42="fail",IF(H42=1,"break","car_stuck"),"no_fail") -> no_fail
A43: XX | B43: P_B2P | C43: S_6U7 | D43: KYY | E43: =B43&"-"&D43&"-"&C43 -> P_B2P-KYY-S_6U7 | F43: TRUE | G43: 100 | H43: 1 | I43: 10809 | J43: fail | L43: bridge | M43: 3 | N43: continuous | O43: fully_connected | P43: arch | Q43: - | R43: - | S43: - | T43: no_structure | U43: bottom_structure | V43: rock_structure | W43: other | Y43: no_braces | Z43: no_braces | AA43: no | AB43: multiple_beams | AC43: multiple_materials | AD43: medium | AE43: yes | AF43: no | AG43: yes | AH43: yes | AI43: no | AJ43: road+support | AK43: road_only | AL43: support_only | AM43: no | AN43: no | AO43: wood | AP43: road | AQ43: no | AR43: yes | AS43: no | AT43: no | AU43: no_exploit | AV43: =IF(J43="fail",IF(H43=1,"break","car_stuck"),"no_fail") -> break
A44: XX | B44: P_B2P | C44: S_4U3 | D44: ZSB | E44: =B44&"-"&D44&"-"&C44 -> P_B2P-ZSB-S_4U3 | F44: TRUE | G44: 100 | H44: 1 | I44: 12848 | J44: fail | L44: bridge | M44: 3 | N44: continuous | O44: fully_connected | P44: arch | Q44: - | R44: - | S44: - | T44: no_structure | U44: no_structure | V44: rock_structure | W44: other | Y44: no_braces | Z44: no_braces | AA44: no | AB44: multiple_beams | AC44: steel | AD44: large | AE44: yes | AF44: no | AG44: no | AH44: yes | AI44: no | AJ44: road+support | AK44: road+support | AL44: support_only | AM44: no | AN44: no | AO44: steel | AP44: road | AQ44: no | AR44: yes | AS44: no | AT44: no | AU44: no_exploit | AV44: =IF(J44="fail",IF(H44=1,"break","car_stuck"),"no_fail") -> break
A45: XX | B45: P_B2P | C45: S_6B5 | D45: ZSB | E45: =B45&"-"&D45&"-"&C45 -> P_B2P-ZSB-S_6B5 | F45: TRUE | G45: 82.6 | H45: 0 | I45: 11891 | J45: win | L45: bridge | M45: 3 | N45: continuous | O45: fully_connected | P45: inclined | Q45: arch | R45: declined | S45: - | T45: top_structure | U45: no_structure | V45: rock_structure | W45: standard_truss | Y45: no_braces | Z45: no_braces | AA45: no | AB45: vertical_beam | AC45: steel | AD45: medium | AE45: yes | AF45: no | AG45: yes | AH45: yes | AI45: no | AJ45: road+support | AK45: road+support | AL45: support_only | AM45: no | AN45: no | AO45: wood | AP45: road | AQ45: no | AR45: yes | AS45: no | AT45: no | AU45: no_exploit | AV45: =IF(J45="fail",IF(H45=1,"break","car_stuck"),"no_fail") -> no_fail
A46: NI | B46: P_B7Q | C46: S_0M4 | D46: KYY | E46: =B46&"-"&D46&"-"&C46 -> P_B7Q-KYY-S_0M4 | F46: TRUE | G46: 100 | H46: 1 | I46: 13485 | J46: fail | L46: bridge | M46: 3 | N46: no_deck | O46: no_deck | P46: - | Q46: - | R46: - | S46: - | T46: top_structure | U46: bottom_structure | V46: rock_structure | W46: other | Y46: no_braces | Z46: no_braces | AA46: no | AB46: multiple_beams | AC46: steel | AD46: large | AE46: no | AF46: no | AG46: yes | AH46: yes | AI46: no | AJ46: support_only | AK46: support_only | AL46: support_only | AM46: no | AN46: no | AO46: wood | AP46: no_deck | AQ46: no | AR46: yes | AS46: no | AT46: no | AU46: no_exploit | AV46: =IF(J46="fail",IF(H46=1,"break","car_stuck"),"no_fail") -> break
A47: NI | B47: P_B7Q | C47: S_1B0 | D47: KYY | E47: =B47&"-"&D47&"-"&C47 -> P_B7Q-KYY-S_1B0 | F47: TRUE | G47: 81.8 | H47: 0 | I47: 13582 | J47: win | L47: bridge | M47: 3 | N47: continuous | O47: fully_connected | P47: straight | Q47: arch | R47: - | S47: - | T47: top_structure | U47: no_structure | V47: rock_structure | W47: standard_truss | X47: other | Y47: no_braces | Z47: no_braces | AA47: no | AB47: vertical_beam | AC47: steel | AD47: medium | AE47: no | AF47: yes | AG47: yes | AH47: yes | AI47: no | AJ47: road+support | AK47: road+support | AL47: support_only | AM47: no | AN47: no | AO47: wood | AP47: reinforced_road | AQ47: no | AR47: yes | AS47: no | AT47: no | AU47: no_exploit | AV47: =IF(J47="fail",IF(H47=1,"break","car_stuck"),"no_fail") -> no_fail
A48: NI | B48: P_B7Q | C48: S_1Q4 | D48: KYY | E48: =B48&"-"&D48&"-"&C48 -> P_B7Q-KYY-S_1Q4 | F48: TRUE | G48: 68.6 | H48: 0 | I48: 11742 | J48: win | L48: bridge | M48: 3 | N48: continuous | O48: fully_connected | P48: arch | Q48: - | R48: - | S48: - | T48: top_structure | U48: no_structure | V48: rock_structure | W48: standard_truss | Y48: no_braces | Z48: no_braces | AA48: no | AB48: multiple_beams | AC48: steel | AD48: small | AE48: yes | AF48: no | AG48: yes | AH48: yes | AI48: no | AJ48: road+support | AK48: road+support | AL48: support_only | AM48: no | AN48: no | AO48: wood | AP48: road | AQ48: no | AR48: yes | AS48: no | AT48: no | AU48: no_exploit | AV48: =IF(J48="fail",IF(H48=1,"break","car_stuck"),"no_fail") -> no_fail
A49: NI | B49: P_B7Q | C49: S_4U3 | D49: KYY | E49: =B49&"-"&D49&"-"&C49 -> P_B7Q-KYY-S_4U3 | F49: TRUE | G49: 100 | H49: 1 | I49: 22643 | J49: fail | L49: bridge | M49: 3 | N49: continuous | O49: fully_connected | P49: arch | Q49: - | R49: - | S49: - | T49: top_structure | U49: bottom_structure | V49: rock_structure | W49: other_truss | X49: other | Y49: no_braces | Z49: no_braces | AA49: no | AB49: vertical_beam | AC49: steel | AD49: large | AE49: yes | AF49: no | AG49: yes | AH49: yes | AI49: no | AJ49: road+support | AK49: road+support | AL49: support_only | AM49: no | AN49: no | AO49: wood | AP49: road | AQ49: no | AR49: yes | AS49: no | AT49: no | AU49: no_exploit | AV49: =IF(J49="fail",IF(H49=1,"break","car_stuck"),"no_fail") -> break
A50: NI | B50: P_B7Q | C50: S_6B5 | D50: KYY | E50: =B50&"-"&D50&"-"&C50 -> P_B7Q-KYY-S_6B5 | F50: TRUE | G50: 100 | H50: 1 | I50: 18290 | J50: fail | L50: bridge | M50: 3 | N50: continuous | O50: fully_connected | P50: arch | Q50: - | R50: - | S50: - | T50: top_structure | U50: no_structure | V50: rock_structure | W50: other_truss | Y50: no_braces | Z50: no_braces | AA50: no | AB50: vertical_beam | AC50: steel | AD50: large | AE50: yes | AF50: no | AG50: yes | AH50: yes | AI50: no | AJ50: road+support | AK50: road+support | AL50: support_only | AM50: no | AN50: no | AO50: wood | AP50: road | AQ50: no | AR50: yes | AS50: no | AT50: no | AU50: no_exploit | AV50: =IF(J50="fail",IF(H50=1,"break","car_stuck"),"no_fail") -> break
A51: NI | B51: P_B7Q | C51: S_6U7 | D51: KYY | E51: =B51&"-"&D51&"-"&C51 -> P_B7Q-KYY-S_6U7 | F51: TRUE | G51: 100 | H51: 1 | I51: 12651 | J51: fail | L51: bridge | M51: 3 | N51: continuous | O51: fully_connected | P51: arch | Q51: - | R51: - | S51: - | T51: top_structure | U51: no_structure | V51: rock_structure | W51: other | Y51: no_braces | Z51: no_braces | AA51: no | AB51: vertical_beam | AC51: steel | AD51: large | AE51: yes | AF51: no | AG51: yes | AH51: yes | AI51: no | AJ51: road+support | AK51: road+support | AL51: support_only | AM51: no | AN51: no | AO51: wood | AP51: road | AQ51: no | AR51: yes | AS51: no | AT51: no | AU51: no_exploit | AV51: =IF(J51="fail",IF(H51=1,"break","car_stuck"),"no_fail") -> break
A52: NI | B52: P_B7Q | C52: S_7W0 | D52: KYY | E52: =B52&"-"&D52&"-"&C52 -> P_B7Q-KYY-S_7W0 | F52: TRUE | G52: 100 | H52: 1 | I52: 10515 | J52: fail | L52: bridge | M52: 3 | N52: continuous | O52: fully_connected | P52: declined | Q52: arch | R52: - | S52: - | T52: top_structure | U52: no_structure | V52: no_structure | W52: standard_truss | Y52: no_braces | Z52: no_braces | AA52: no | AB52: no_support | AC52: no_support | AD52: medium | AE52: yes | AF52: no | AG52: yes | AH52: no | AI52: no | AJ52: road+support | AK52: road+support | AL52: road_only | AM52: no | AN52: yes | AO52: wood | AP52: road | AQ52: no | AR52: yes | AS52: no | AT52: no | AU52: no_exploit | AV52: =IF(J52="fail",IF(H52=1,"break","car_stuck"),"no_fail") -> break
A53: NI | B53: P_B7Q | C53: S_0T2 | D53: ZSB | E53: =B53&"-"&D53&"-"&C53 -> P_B7Q-ZSB-S_0T2 | F53: TRUE | G53: 100 | H53: 1 | I53: 15511 | J53: fail | L53: bridge | M53: 3 | N53: continuous | O53: fully_connected | P53: inclined | Q53: arch | R53: - | S53: - | T53: no_structure | U53: bottom_structure | V53: rock_structure | W53: standard_truss | Y53: no_braces | Z53: no_braces | AA53: no | AB53: vertical_beam | AC53: steel | AD53: medium | AE53: yes | AF53: no | AG53: yes | AH53: yes | AI53: no | AJ53: road+support | AK53: road+support | AL53: support_only | AM53: no | AN53: no | AO53: wood | AP53: road | AQ53: no | AR53: yes | AS53: no | AT53: no | AU53: no_exploit | AV53: =IF(J53="fail",IF(H53=1,"break","car_stuck"),"no_fail") -> break
A54: NI | B54: P_B7Q | C54: S_1J8 | D54: ZSB | E54: =B54&"-"&D54&"-"&C54 -> P_B7Q-ZSB-S_1J8 | F54: TRUE | G54: 100 | H54: 1 | I54: 13391 | J54: fail | L54: bridge | M54: 3 | N54: continuous | O54: fully_connected | P54: arch | Q54: - | R54: - | S54: - | T54: no_structure | U54: bottom_structure | V54: rock_structure | W54: standard_truss | Y54: no_braces | Z54: no_braces | AA54: no | AB54: vertical_beam | AC54: steel | AD54: small | AE54: yes | AF54: no | AG54: yes | AH54: yes | AI54: no | AJ54: road+support | AK54: road+support | AL54: support_only | AM54: no | AN54: no | AO54: wood | AP54: road | AQ54: no | AR54: yes | AS54: no | AT54: no | AU54: no_exploit | AV54: =IF(J54="fail",IF(H54=1,"break","car_stuck"),"no_fail") -> break
A55: NI | B55: P_B7Q | C55: S_1U0 | D55: ZSB | E55: =B55&"-"&D55&"-"&C55 -> P_B7Q-ZSB-S_1U0 | F55: TRUE | G55: 100 | H55: 1 | I55: 14479 | J55: win | L55: bridge | M55: 3 | N55: continuous | O55: fully_connected | P55: inclined | Q55: declined | R55: - | S55: - | T55: no_structure | U55: bottom_structure | V55: rock_structure | W55: standard_truss | Y55: no_braces | Z55: no_braces | AA55: no | AB55: vertical_beam | AC55: steel | AD55: medium | AE55: yes | AF55: no | AG55: yes | AH55: yes | AI55: no | AJ55: road+support | AK55: road+support | AL55: support_only | AM55: no | AN55: no | AO55: wood | AP55: road | AQ55: no | AR55: yes | AS55: no | AT55: no | AU55: no_exploit | AV55: =IF(J55="fail",IF(H55=1,"break","car_stuck"),"no_fail") -> no_fail
A56: NI | B56: P_B7Q | C56: S_3X6 | D56: ZSB | E56: =B56&"-"&D56&"-"&C56 -> P_B7Q-ZSB-S_3X6 | F56: TRUE | G56: 99.9 | H56: 0 | I56: 10869 | J56: fail | L56: bridge | M56: 2 | N56: continuous | O56: fully_connected | P56: arch | Q56: - | R56: - | S56: - | T56: no_structure | U56: bottom_structure | V56: no_structure | W56: standard_truss | Y56: no_braces | Z56: no_braces | AA56: no | AB56: no_support | AC56: no_support | AD56: large | AE56: yes | AF56: no | AG56: yes | AH56: no | AI56: no | AJ56: road+support | AK56: road+support | AL56: support_only | AM56: no | AN56: no | AO56: wood | AP56: road | AQ56: no | AR56: yes | AS56: no | AT56: no | AU56: no_exploit | AV56: =IF(J56="fail",IF(H56=1,"break","car_stuck"),"no_fail") -> car_stuck
A57: NI | B57: P_B7Q | C57: S_3X7 | D57: ZSB | E57: =B57&"-"&D57&"-"&C57 -> P_B7Q-ZSB-S_3X7 | F57: TRUE | G57: 100 | H57: 1 | I57: 12226 | J57: win | L57: bridge | M57: 3 | N57: continuous | O57: fully_connected | P57: inclined | Q57: declined | R57: - | S57: - | T57: top_structure | U57: no_structure | V57: rock_structure | W57: arch_truss | X57: square_truss | Y57: no_braces | Z57: no_braces | AA57: no | AB57: multiple_beams | AC57: steel | AD57: medium | AE57: no | AF57: yes | AG57: yes | AH57: yes | AI57: no | AJ57: road+support | AK57: road+support | AL57: support_only | AM57: no | AN57: no | AO57: wood | AP57: reinforced_road | AQ57: no | AR57: yes | AS57: no | AT57: no | AU57: no_exploit | AV57: =IF(J57="fail",IF(H57=1,"break","car_stuck"),"no_fail") -> no_fail
A58: NI | B58: P_B7Q | C58: S_8O8 | D58: ZSB | E58: =B58&"-"&D58&"-"&C58 -> P_B7Q-ZSB-S_8O8 | F58: TRUE | G58: 100 | H58: 1 | I58: 16337 | J58: win | L58: bridge | M58: 3 | N58: continuous | O58: fully_connected | P58: arch | Q58: - | R58: - | S58: - | T58: no_structure | U58: bottom_structure | V58: rock_structure | W58: standard_truss | Y58: no_braces | Z58: no_braces | AA58: no | AB58: vertical_beam | AC58: steel | AD58: small | AE58: no | AF58: yes | AG58: yes | AH58: yes | AI58: no | AJ58: road+support | AK58: road+support | AL58: support_only | AM58: no | AN58: no | AO58: wood | AP58: road | AQ58: no | AR58: yes | AS58: no | AT58: no | AU58: no_exploit | AV58: =IF(J58="fail",IF(H58=1,"break","car_stuck"),"no_fail") -> no_fail
A59: NI | B59: P_B7Q | C59: S_9B4 | D59: ZSB | E59: =B59&"-"&D59&"-"&C59 -> P_B7Q-ZSB-S_9B4 | F59: TRUE | G59: 100 | H59: 1 | I59: 9669 | J59: fail | L59: bridge | M59: 2 | N59: continuous | O59: fully_connected | P59: arch | Q59: - | R59: - | S59: - | T59: no_structure | U59: bottom_structure | V59: no_structure | W59: standard_truss | Y59: no_braces | Z59: no_braces | AA59: no | AB59: no_support | AC59: no_support | AD59: medium | AE59: yes | AF59: no | AG59: yes | AH59: no | AI59: no | AJ59: road+support | AK59: road+support | AL59: no_connection | AM59: no | AN59: no | AO59: wood | AP59: road | AQ59: no | AR59: yes | AS59: no | AT59: no | AU59: no_exploit | AV59: =IF(J59="fail",IF(H59=1,"break","car_stuck"),"no_fail") -> break
A60: NI | B60: P_B7Q | C60: S_9E0 | D60: ZSB | E60: =B60&"-"&D60&"-"&C60 -> P_B7Q-ZSB-S_9E0 | F60: TRUE | G60: 94.4 | H60: 0 | I60: 17795 | J60: win | L60: bridge | M60: 3 | N60: continuous | O60: fully_connected | P60: inclined | Q60: declined | R60: - | S60: - | T60: top_structure | U60: no_structure | V60: rock_structure | W60: arch_truss | Y60: no_braces | Z60: no_braces | AA60: no | AB60: multiple_beams | AC60: steel | AD60: medium | AE60: no | AF60: yes | AG60: yes | AH60: yes | AI60: no | AJ60: road+support | AK60: road+support | AL60: support_only | AM60: no | AN60: no | AO60: wood | AP60: reinforced_road | AQ60: no | AR60: yes | AS60: no | AT60: no | AU60: no_exploit | AV60: =IF(J60="fail",IF(H60=1,"break","car_stuck"),"no_fail") -> no_fail
A61: NI | B61: P_B7Q | C61: S_9F6 | D61: ZSB | E61: =B61&"-"&D61&"-"&C61 -> P_B7Q-ZSB-S_9F6 | F61: TRUE | G61: 35.4 | H61: 0 | I61: 21200 | J61: win | L61: bridge | M61: 3 | N61: continuous | O61: fully_connected | P61: arch | Q61: - | R61: - | S61: - | T61: top_structure | U61: no_structure | V61: rock_structure | W61: standard_truss | X61: a-truss | Y61: no_braces | Z61: no_braces | AA61: no | AB61: multiple_beams | AC61: steel | AD61: large | AE61: no | AF61: yes | AG61: yes | AH61: yes | AI61: no | AJ61: road+support | AK61: road+support | AL61: support_only | AM61: no | AN61: no | AO61: wood | AP61: reinforced_road | AQ61: no | AR61: yes | AS61: no | AT61: no | AU61: no_exploit | AV61: =IF(J61="fail",IF(H61=1,"break","car_stuck"),"no_fail") -> no_fail
A62: NI | B62: P_B7Q | C62: S_9T2 | D62: ZSB | E62: =B62&"-"&D62&"-"&C62 -> P_B7Q-ZSB-S_9T2 | F62: TRUE | G62: 63.1 | H62: 0 | I62: 14293 | J62: win | L62: bridge | M62: 3 | N62: continuous | O62: fully_connected | P62: arch | Q62: - | R62: - | S62: - | T62: top_structure | U62: no_structure | V62: rock_structure | W62: arch_truss | Y62: no_braces | Z62: no_braces | AA62: no | AB62: multiple_beams | AC62: steel | AD62: medium | AE62: no | AF62: yes | AG62: yes | AH62: yes | AI62: no | AJ62: road+support | AK62: road+support | AL62: support_only | AM62: no | AN62: no | AO62: wood | AP62: reinforced_road | AQ62: no | AR62: yes | AS62: no | AT62: no | AU62: no_exploit | AV62: =IF(J62="fail",IF(H62=1,"break","car_stuck"),"no_fail") -> no_fail
A63: VZ | B63: P_D8O | C63: S_4U3 | D63: KYY | E63: =B63&"-"&D63&"-"&C63 -> P_D8O-KYY-S_4U3 | F63: TRUE | G63: 99.9 | H63: 0 | I63: 8443 | J63: fail | L63: ramp | M63: 2 | N63: missing_section | O63: right | P63: inclined | Q63: - | R63: - | S63: - | T63: no_structure | U63: bottom_structure | V63: rock_structure | W63: other | Y63: no_braces | Z63: no_braces | AA63: no | AB63: multiple_beams | AC63: steel | AD63: large | AE63: yes | AF63: no | AG63: yes | AH63: yes | AI63: no | AJ63: road_only | AK63: no_connection | AL63: support_only | AM63: no | AN63: no | AO63: steel | AP63: road | AQ63: no | AR63: yes | AS63: no | AT63: no | AU63: no_exploit | AV63: =IF(J63="fail",IF(H63=1,"break","car_stuck"),"no_fail") -> car_stuck | AW63: *falls in water
A64: VZ | B64: P_D8O | C64: S_8I8 | D64: ZSB | E64: =B64&"-"&D64&"-"&C64 -> P_D8O-ZSB-S_8I8 | F64: TRUE | G64: 99.9 | H64: 0 | I64: 17982 | J64: fail | L64: bridge | M64: 2 | N64: missing_section | O64: right | P64: ramp | Q64: - | R64: - | S64: - | T64: top_structure | U64: no_structure | V64: rock_structure | W64: other_truss | Y64: no_braces | Z64: no_braces | AA64: no | AB64: multiple_beams | AC64: steel | AD64: medium | AE64: no | AF64: yes | AG64: no | AH64: yes | AI64: no | AJ64: road+support | AK64: no_connection | AL64: support_only | AM64: no | AN64: no | AO64: steel | AP64: reinforced_road | AQ64: no | AR64: yes | AS64: no | AT64: no | AU64: no_exploit | AV64: =IF(J64="fail",IF(H64=1,"break","car_stuck"),"no_fail") -> car_stuck | AW64: *falls in water
A65: VZ | B65: P_D8O | C65: S_0M4 | D65: KYY | E65: =B65&"-"&D65&"-"&C65 -> P_D8O-KYY-S_0M4 | F65: TRUE | G65: 100 | H65: 1 | I65: 9923 | J65: fail | L65: bridge | M65: 3 | N65: continuous | O65: fully_connected | P65: straight | Q65: s-shape | R65: platform | S65: - | T65: top_structure | U65: no_structure | V65: rock_structure | W65: standard_truss | Y65: no_braces | Z65: no_braces | AA65: no | AB65: multiple_beams | AC65: steel | AD65: medium | AE65: yes | AF65: no | AG65: yes | AH65: yes | AI65: no | AJ65: road+support | AK65: road_only | AL65: support_only | AM65: no | AN65: no | AO65: wood | AP65: road | AQ65: no | AR65: yes | AS65: no | AT65: no | AU65: no_exploit | AV65: =IF(J65="fail",IF(H65=1,"break","car_stuck"),"no_fail") -> break
A66: VZ | B66: P_D8O | C66: S_0T2 | D66: KYY | E66: =B66&"-"&D66&"-"&C66 -> P_D8O-KYY-S_0T2 | F66: TRUE | G66: 100 | H66: 1 | I66: 13351 | J66: fail | L66: bridge | M66: 3 | N66: continuous | O66: fully_connected | P66: arch | Q66: - | R66: - | S66: - | T66: top_structure | U66: no_structure | V66: rock_structure | W66: arch_truss | X66: square_truss | Y66: no_braces | Z66: no_braces | AA66: no | AB66: multiple_beams | AC66: steel | AD66: large | AE66: no | AF66: yes | AG66: yes | AH66: yes | AI66: no | AJ66: road_only | AK66: road_only | AL66: support_only | AM66: no | AN66: no | AO66: wood | AP66: reinforced_road | AQ66: no | AR66: yes | AS66: no | AT66: no | AU66: no_exploit | AV66: =IF(J66="fail",IF(H66=1,"break","car_stuck"),"no_fail") -> break
A67: VZ | B67: P_D8O | C67: S_1B0 | D67: KYY | E67: =B67&"-"&D67&"-"&C67 -> P_D8O-KYY-S_1B0 | F67: TRUE | G67: 100 | H67: 1 | I67: 7762 | J67: fail | L67: bridge | M67: 3 | N67: continuous | O67: fully_connected | P67: inclined | Q67: arch | R67: - | S67: - | T67: top_structure | U67: no_structure | V67: rock_structure | W67: arch_truss | Y67: no_braces | Z67: no_braces | AA67: no | AB67: multiple_beams | AC67: steel | AD67: medium | AE67: yes | AF67: no | AG67: yes | AH67: yes | AI67: no | AJ67: road+support | AK67: road_only | AL67: support_only | AM67: no | AN67: no | AO67: steel | AP67: road | AQ67: no | AR67: yes | AS67: no | AT67: no | AU67: no_exploit | AV67: =IF(J67="fail",IF(H67=1,"break","car_stuck"),"no_fail") -> break
A68: VZ | B68: P_D8O | C68: S_1Q4 | D68: KYY | E68: =B68&"-"&D68&"-"&C68 -> P_D8O-KYY-S_1Q4 | F68: TRUE | G68: 59 | H68: 0 | I68: 13004 | J68: win | L68: bridge | M68: 3 | N68: continuous | O68: fully_connected | P68: inclined | Q68: arch | R68: - | S68: - | T68: top_structure | U68: no_structure | V68: rock_structure | W68: standard_truss | Y68: no_braces | Z68: no_braces | AA68: no | AB68: multiple_beams | AC68: steel | AD68: medium | AE68: yes | AF68: no | AG68: yes | AH68: yes | AI68: no | AJ68: road+support | AK68: road+support | AL68: support_only | AM68: no | AN68: no | AO68: wood | AP68: road | AQ68: no | AR68: yes | AS68: no | AT68: no | AU68: no_exploit | AV68: =IF(J68="fail",IF(H68=1,"break","car_stuck"),"no_fail") -> no_fail
A69: VZ | B69: P_D8O | C69: S_3X6 | D69: KYY | E69: =B69&"-"&D69&"-"&C69 -> P_D8O-KYY-S_3X6 | F69: TRUE | G69: 100 | H69: 1 | I69: 12415 | J69: fail | L69: bridge | M69: 3 | N69: continuous | O69: fully_connected | P69: arch | Q69: - | R69: - | S69: - | T69: top_structure | U69: bottom_structure | V69: rock_structure | W69: arch_truss | X69: square_truss | Y69: no_braces | Z69: no_braces | AA69: no | AB69: multiple_beams | AC69: multiple_materials | AD69: large | AE69: yes | AF69: no | AG69: yes | AH69: yes | AI69: no | AJ69: road+support | AK69: road+support | AL69: support_only | AM69: no | AN69: no | AO69: wood | AP69: road | AQ69: no | AR69: yes | AS69: no | AT69: no | AU69: no_exploit | AV69: =IF(J69="fail",IF(H69=1,"break","car_stuck"),"no_fail") -> break
A70: VZ | B70: P_D8O | C70: S_6B5 | D70: KYY | E70: =B70&"-"&D70&"-"&C70 -> P_D8O-KYY-S_6B5 | F70: TRUE | G70: 100 | H70: 1 | I70: 14874 | J70: fail | L70: bridge | M70: 3 | N70: continuous | O70: fully_connected | P70: straight | Q70: s-shape | R70: platform | S70: - | T70: top_structure | U70: no_structure | V70: rock_structure | W70: standard_truss | Y70: no_braces | Z70: no_braces | AA70: no | AB70: multiple_beams | AC70: steel | AD70: medium | AE70: no | AF70: yes | AG70: yes | AH70: yes | AI70: no | AJ70: road+support | AK70: road_only | AL70: support_only | AM70: no | AN70: no | AO70: wood | AP70: reinforced_road | AQ70: no | AR70: yes | AS70: no | AT70: no | AU70: no_exploit | AV70: =IF(J70="fail",IF(H70=1,"break","car_stuck"),"no_fail") -> break
A71: VZ | B71: P_D8O | C71: S_6U7 | D71: KYY | E71: =B71&"-"&D71&"-"&C71 -> P_D8O-KYY-S_6U7 | F71: TRUE | G71: 100 | H71: 1 | I71: 12820 | J71: fail | L71: bridge | M71: 3 | N71: continuous | O71: fully_connected | P71: straight | Q71: s-shape | R71: platform | S71: - | T71: top_structure | U71: no_structure | V71: rock_structure | W71: standard_truss | Y71: no_braces | Z71: no_braces | AA71: no | AB71: multiple_beams | AC71: steel | AD71: medium | AE71: no | AF71: yes | AG71: yes | AH71: yes | AI71: no | AJ71: road+support | AK71: road_only | AL71: support_only | AM71: no | AN71: no | AO71: wood | AP71: reinforced_road | AQ71: no | AR71: yes | AS71: no | AT71: no | AU71: no_exploit | AV71: =IF(J71="fail",IF(H71=1,"break","car_stuck"),"no_fail") -> break
A72: VZ | B72: P_D8O | C72: S_7W0 | D72: KYY | E72: =B72&"-"&D72&"-"&C72 -> P_D8O-KYY-S_7W0 | F72: TRUE | G72: 88.9 | H72: 0 | I72: 13880 | J72: win | L72: bridge | M72: 2 | N72: continuous | O72: fully_connected | P72: arch | Q72: - | R72: - | S72: - | T72: top_structure | U72: no_structure | V72: no_structure | W72: arch_truss | Y72: no_braces | Z72: no_braces | AA72: no | AB72: no_support | AC72: no_support | AD72: large | AE72: yes | AF72: no | AG72: yes | AH72: yes | AI72: no | AJ72: road+support | AK72: road+support | AL72: no_connection | AM72: no | AN72: no | AO72: wood | AP72: road | AQ72: no | AR72: yes | AS72: no | AT72: no | AU72: no_exploit | AV72: =IF(J72="fail",IF(H72=1,"break","car_stuck"),"no_fail") -> no_fail
A73: VZ | B73: P_D8O | C73: S_9B4 | D73: KYY | E73: =B73&"-"&D73&"-"&C73 -> P_D8O-KYY-S_9B4 | F73: TRUE | G73: 100 | H73: 1 | I73: 12776 | J73: fail | L73: bridge | M73: 3 | N73: continuous | O73: fully_connected | P73: arch | Q73: - | R73: - | S73: - | T73: top_structure | U73: bottom_structure | V73: rock_structure | W73: arch_truss | X73: square_truss | Y73: no_braces | Z73: no_braces | AA73: no | AB73: multiple_beams | AC73: multiple_materials | AD73: large | AE73: yes | AF73: yes | AG73: yes | AH73: yes | AI73: no | AJ73: road+support | AK73: road+support | AL73: support_only | AM73: no | AN73: no | AO73: wood | AP73: road | AQ73: no | AR73: yes | AS73: no | AT73: no | AU73: no_exploit | AV73: =IF(J73="fail",IF(H73=1,"break","car_stuck"),"no_fail") -> break
A74: VZ | B74: P_D8O | C74: S_1J8 | D74: ZSB | E74: =B74&"-"&D74&"-"&C74 -> P_D8O-ZSB-S_1J8 | F74: TRUE | G74: 100 | H74: 1 | I74: 12651 | J74: fail | L74: bridge | M74: 2 | N74: continuous | O74: fully_connected | P74: arch | Q74: - | R74: - | S74: - | T74: no_structure | U74: bottom_structure | V74: no_structure | W74: standard_truss | Y74: no_braces | Z74: no_braces | AA74: no | AB74: no_support | AC74: no_support | AD74: small | AE74: yes | AF74: no | AG74: yes | AH74: yes | AI74: no | AJ74: road+support | AK74: road+support | AL74: no_connection | AM74: no | AN74: no | AO74: wood | AP74: road | AQ74: no | AR74: yes | AS74: no | AT74: no | AU74: no_exploit | AV74: =IF(J74="fail",IF(H74=1,"break","car_stuck"),"no_fail") -> break
A75: VZ | B75: P_D8O | C75: S_1U0 | D75: ZSB | E75: =B75&"-"&D75&"-"&C75 -> P_D8O-ZSB-S_1U0 | F75: TRUE | G75: 100 | H75: 1 | I75: 13667 | J75: fail | L75: bridge | M75: 2 | N75: continuous | O75: fully_connected | P75: arch | Q75: - | R75: - | S75: - | T75: no_structure | U75: bottom_structure | V75: no_structure | W75: standard_truss | Y75: no_braces | Z75: no_braces | AA75: no | AB75: no_support | AC75: no_support | AD75: large | AE75: yes | AF75: no | AG75: yes | AH75: yes | AI75: no | AJ75: road+support | AK75: road+support | AL75: no_connection | AM75: no | AN75: no | AO75: wood | AP75: road | AQ75: no | AR75: yes | AS75: no | AT75: no | AU75: no_exploit | AV75: =IF(J75="fail",IF(H75=1,"break","car_stuck"),"no_fail") -> break
A76: VZ | B76: P_D8O | C76: S_3B9 | D76: ZSB | E76: =B76&"-"&D76&"-"&C76 -> P_D8O-ZSB-S_3B9 | F76: TRUE | G76: 100 | H76: 1 | I76: 14606 | J76: fail | L76: ramp | M76: 2 | N76: missing_section | O76: right | P76: ramp | Q76: - | R76: - | S76: - | T76: top_structure | U76: no_structure | V76: rock_structure | W76: other | Y76: no_braces | Z76: no_braces | AA76: no | AB76: multiple_beams | AC76: steel | AD76: medium | AE76: no | AF76: yes | AG76: no | AH76: yes | AI76: no | AJ76: road+support | AK76: no_connection | AL76: support_only | AM76: no | AN76: no | AO76: steel | AP76: reinforced_road | AQ76: no | AR76: yes | AS76: no | AT76: no | AU76: no_exploit | AV76: =IF(J76="fail",IF(H76=1,"break","car_stuck"),"no_fail") -> break
A77: VZ | B77: P_D8O | C77: S_3X7 | D77: ZSB | E77: =B77&"-"&D77&"-"&C77 -> P_D8O-ZSB-S_3X7 | F77: TRUE | G77: 85.9 | H77: 0 | I77: 15725 | J77: win | L77: bridge | M77: 2 | N77: continuous | O77: fully_connected | P77: arch | Q77: - | R77: - | S77: - | T77: no_structure | U77: bottom_structure | V77: no_structure | W77: standard_truss | Y77: no_braces | Z77: no_braces | AA77: no | AB77: no_support | AC77: no_support | AD77: medium | AE77: no | AF77: yes | AG77: yes | AH77: yes | AI77: no | AJ77: road+support | AK77: road+support | AL77: no_connection | AM77: no | AN77: no | AO77: wood | AP77: reinforced_road | AQ77: no | AR77: yes | AS77: no | AT77: no | AU77: no_exploit | AV77: =IF(J77="fail",IF(H77=1,"break","car_stuck"),"no_fail") -> no_fail
A78: VZ | B78: P_D8O | C78: S_8A5 | D78: ZSB | E78: =B78&"-"&D78&"-"&C78 -> P_D8O-ZSB-S_8A5 | F78: TRUE | G78: 100 | H78: 1 | I78: 20145 | J78: fail | L78: ramp | M78: 3 | N78: missing_section | O78: middle | P78: ramp | Q78: landing_platform | R78: - | S78: - | T78: top_structure | U78: no_structure | V78: rock_structure | W78: other_truss | Y78: terrain_brace | Z78: no_braces | AA78: no | AB78: multiple_beams | AC78: steel | AD78: medium | AE78: no | AF78: yes | AG78: no | AH78: yes | AI78: no | AJ78: road+support | AK78: road+support | AL78: support_only | AM78: no | AN78: no | AO78: steel | AP78: reinforced_road | AQ78: no | AR78: yes | AS78: no | AT78: no | AU78: no_exploit | AV78: =IF(J78="fail",IF(H78=1,"break","car_stuck"),"no_fail") -> break
A79: VZ | B79: P_D8O | C79: S_8O8 | D79: ZSB | E79: =B79&"-"&D79&"-"&C79 -> P_D8O-ZSB-S_8O8 | F79: TRUE | G79: 92.5 | H79: 0 | I79: 18112 | J79: win | L79: bridge | M79: 3 | N79: continuous | O79: fully_connected | P79: arch | Q79: - | R79: - | S79: - | T79: no_structure | U79: bottom_structure | V79: rock_structure | W79: standard_truss | X79: other | Y79: no_braces | Z79: no_braces | AA79: no | AB79: multiple_beams | AC79: steel | AD79: medium | AE79: yes | AF79: no | AG79: yes | AH79: yes | AI79: no | AJ79: road+support | AK79: road+support | AL79: support_only | AM79: no | AN79: no | AO79: steel | AP79: road | AQ79: no | AR79: yes | AS79: no | AT79: no | AU79: no_exploit | AV79: =IF(J79="fail",IF(H79=1,"break","car_stuck"),"no_fail") -> no_fail
A80: VZ | B80: P_D8O | C80: S_9E0 | D80: ZSB | E80: =B80&"-"&D80&"-"&C80 -> P_D8O-ZSB-S_9E0 | F80: TRUE | G80: 51.5 | H80: 0 | I80: 28294 | J80: win | L80: bridge | M80: 3 | N80: continuous | O80: fully_connected | P80: arch | Q80: - | R80: - | S80: - | T80: top_structure | U80: no_structure | V80: rock_structure | W80: other | X80: square_truss | Y80: no_braces | Z80: no_braces | AA80: no | AB80: multiple_beams | AC80: steel | AD80: large | AE80: no | AF80: yes | AG80: yes | AH80: yes | AI80: no | AJ80: road+support | AK80: road+support | AL80: support_only | AM80: no | AN80: no | AO80: steel | AP80: reinforced_road | AQ80: no | AR80: yes | AS80: no | AT80: no | AU80: no_exploit | AV80: =IF(J80="fail",IF(H80=1,"break","car_stuck"),"no_fail") -> no_fail
A81: VZ | B81: P_D8O | C81: S_9F6 | D81: ZSB | E81: =B81&"-"&D81&"-"&C81 -> P_D8O-ZSB-S_9F6 | F81: TRUE | G81: 58.8 | H81: 0 | I81: 18403 | J81: win | L81: bridge | M81: 3 | N81: continuous | O81: right_overhang | P81: inclined | Q81: - | R81: - | S81: - | T81: top_structure | U81: no_structure | V81: rock_structure | W81: arch_truss | Y81: no_braces | Z81: no_braces | AA81: no | AB81: multiple_beams | AC81: steel | AD81: medium | AE81: yes | AF81: no | AG81: yes | AH81: yes | AI81: no | AJ81: road+support | AK81: support_only | AL81: support_only | AM81: no | AN81: no | AO81: wood | AP81: road | AQ81: no | AR81: yes | AS81: no | AT81: no | AU81: no_exploit | AV81: =IF(J81="fail",IF(H81=1,"break","car_stuck"),"no_fail") -> no_fail
A82: VZ | B82: P_D8O | C82: S_9T2 | D82: ZSB | E82: =B82&"-"&D82&"-"&C82 -> P_D8O-ZSB-S_9T2 | F82: TRUE | G82: 100 | H82: 1 | I82: 17540 | J82: fail | L82: bridge | M82: 2 | N82: continuous | O82: fully_connected | P82: arch | Q82: - | R82: - | S82: - | T82: no_structure | U82: bottom_structure | V82: no_structure | W82: standard_truss | Y82: no_braces | Z82: no_braces | AA82: no | AB82: no_support | AC82: no_support | AD82: large | AE82: no | AF82: yes | AG82: yes | AH82: yes | AI82: no | AJ82: road+support | AK82: road+support | AL82: no_connection | AM82: no | AN82: no | AO82: wood | AP82: reinforced_road | AQ82: no | AR82: yes | AS82: no | AT82: no | AU82: no_exploit | AV82: =IF(J82="fail",IF(H82=1,"break","car_stuck"),"no_fail") -> break
A83: VZ | B83: P_D8O | C83: S_9X8 | D83: ZSB | E83: =B83&"-"&D83&"-"&C83 -> P_D8O-ZSB-S_9X8 | F83: TRUE | G83: 100 | H83: 1 | I83: 24190 | J83: fail | L83: ramp | M83: 3 | N83: missing_section | O83: middle | P83: ramp | Q83: landing_platform | R83: - | S83: - | T83: top_structure | U83: bottom_structure | V83: rock_structure | W83: standard_truss | X83: other_truss | Y83: no_braces | Z83: no_braces | AA83: no | AB83: multiple_beams | AC83: steel | AD83: medium | AE83: no | AF83: yes | AG83: no | AH83: yes | AI83: no | AJ83: road+support | AK83: road+support | AL83: support_only | AM83: no | AN83: no | AO83: steel | AP83: reinforced_road | AQ83: no | AR83: yes | AS83: no | AT83: no | AU83: no_exploit | AV83: =IF(J83="fail",IF(H83=1,"break","car_stuck"),"no_fail") -> break
A84: XX | B84: P_G7R | C84: S_0M4 | D84: KYY | E84: =B84&"-"&D84&"-"&C84 -> P_G7R-KYY-S_0M4 | F84: TRUE | G84: 82.1 | H84: 0 | I84: 9768 | J84: win | L84: bridge | M84: 3 | N84: continuous | O84: right_overhang | P84: inclined | Q84: straight | R84: - | S84: - | T84: top_structure | U84: no_structure | V84: rock_structure | W84: arch_truss | Y84: no_braces | Z84: no_braces | AA84: no | AB84: vertical_beam | AC84: steel | AD84: large | AE84: yes | AF84: no | AG84: yes | AH84: yes | AI84: no | AJ84: road+support | AK84: support_only | AL84: support_only | AM84: no | AN84: no | AO84: wood | AP84: road | AQ84: no | AR84: yes | AS84: double_structure | AT84: no | AU84: no_exploit | AV84: =IF(J84="fail",IF(H84=1,"break","car_stuck"),"no_fail") -> no_fail
A85: XX | B85: P_G7R | C85: S_1B0 | D85: KYY | E85: =B85&"-"&D85&"-"&C85 -> P_G7R-KYY-S_1B0 | F85: TRUE | G85: 86.6 | H85: 0 | I85: 12594 | J85: win | L85: bridge | M85: 3 | N85: continuous | O85: right_overhang | P85: inclined | Q85: straight | R85: - | S85: - | T85: top_structure | U85: no_structure | V85: rock_structure | W85: arch_truss | Y85: no_braces | Z85: no_braces | AA85: no | AB85: vertical_beam | AC85: steel | AD85: large | AE85: no | AF85: yes | AG85: yes | AH85: yes | AI85: no | AJ85: road+support | AK85: support_only | AL85: support_only | AM85: no | AN85: no | AO85: wood | AP85: reinforced_road | AQ85: no | AR85: yes | AS85: double_structure | AT85: no | AU85: no_exploit | AV85: =IF(J85="fail",IF(H85=1,"break","car_stuck"),"no_fail") -> no_fail
A86: XX | B86: P_G7R | C86: S_1Q4 | D86: KYY | E86: =B86&"-"&D86&"-"&C86 -> P_G7R-KYY-S_1Q4 | F86: TRUE | G86: 64.4 | H86: 0 | I86: 15051 | J86: win | L86: bridge | M86: 3 | N86: continuous | O86: right_overhang | P86: inclined | Q86: straight | R86: - | S86: - | T86: top_structure | U86: no_structure | V86: rock_structure | W86: arch_truss | Y86: no_braces | Z86: no_braces | AA86: no | AB86: multiple_beams | AC86: steel | AD86: large | AE86: no | AF86: yes | AG86: yes | AH86: yes | AI86: no | AJ86: road+support | AK86: support_only | AL86: support_only | AM86: no | AN86: no | AO86: wood | AP86: reinforced_road | AQ86: no | AR86: yes | AS86: double_structure | AT86: no | AU86: no_exploit | AV86: =IF(J86="fail",IF(H86=1,"break","car_stuck"),"no_fail") -> no_fail
A87: XX | B87: P_G7R | C87: S_4U3 | D87: KYY | E87: =B87&"-"&D87&"-"&C87 -> P_G7R-KYY-S_4U3 | F87: TRUE | G87: 82.1 | H87: 0 | I87: 9647 | J87: win | L87: bridge | M87: 3 | N87: continuous | O87: right_overhang | P87: inclined | Q87: straight | R87: - | S87: - | T87: top_structure | U87: no_structure | V87: rock_structure | W87: arch_truss | X87: standard_truss | Y87: no_braces | Z87: no_braces | AA87: no | AB87: vertical_beam | AC87: steel | AD87: large | AE87: yes | AF87: no | AG87: yes | AH87: yes | AI87: no | AJ87: road+support | AK87: support_only | AL87: support_only | AM87: no | AN87: no | AO87: wood | AP87: road | AQ87: no | AR87: yes | AS87: no | AT87: no | AU87: no_exploit | AV87: =IF(J87="fail",IF(H87=1,"break","car_stuck"),"no_fail") -> no_fail
A88: XX | B88: P_G7R | C88: S_6B5 | D88: KYY | E88: =B88&"-"&D88&"-"&C88 -> P_G7R-KYY-S_6B5 | F88: TRUE | G88: 82.1 | H88: 0 | I88: 9633 | J88: win | L88: bridge | M88: 3 | N88: continuous | O88: right_overhang | P88: inclined | Q88: straight | R88: - | S88: - | T88: top_structure | U88: no_structure | V88: rock_structure | W88: arch_truss | Y88: no_braces | Z88: no_braces | AA88: no | AB88: vertical_beam | AC88: steel | AD88: large | AE88: yes | AF88: no | AG88: yes | AH88: yes | AI88: no | AJ88: road+support | AK88: support_only | AL88: support_only | AM88: no | AN88: no | AO88: wood | AP88: road | AQ88: no | AR88: yes | AS88: double_structure | AT88: no | AU88: no_exploit | AV88: =IF(J88="fail",IF(H88=1,"break","car_stuck"),"no_fail") -> no_fail
A89: XX | B89: P_G7R | C89: S_6U7 | D89: KYY | E89: =B89&"-"&D89&"-"&C89 -> P_G7R-KYY-S_6U7 | F89: TRUE | G89: 100 | H89: 1 | I89: 9078 | J89: fail | L89: bridge | M89: 3 | N89: continuous | O89: right_overhang | P89: inclined | Q89: straight | R89: - | S89: - | T89: top_structure | U89: no_structure | V89: rock_structure | W89: arch_truss | X89: square_truss | Y89: no_braces | Z89: no_braces | AA89: no | AB89: vertical_beam | AC89: steel | AD89: large | AE89: yes | AF89: no | AG89: yes | AH89: yes | AI89: no | AJ89: road+support | AK89: support_only | AL89: support_only | AM89: no | AN89: no | AO89: wood | AP89: road | AQ89: no | AR89: yes | AS89: double_structure | AT89: no | AU89: no_exploit | AV89: =IF(J89="fail",IF(H89=1,"break","car_stuck"),"no_fail") -> break
A90: XX | B90: P_G7R | C90: S_7W0 | D90: KYY | E90: =B90&"-"&D90&"-"&C90 -> P_G7R-KYY-S_7W0 | F90: TRUE | G90: 100 | H90: 1 | I90: 9026 | J90: fail | L90: bridge | M90: 3 | N90: continuous | O90: right_overhang | P90: inclined | Q90: straight | R90: - | S90: - | T90: top_structure | U90: no_structure | V90: rock_structure | W90: arch_truss | Y90: no_braces | Z90: no_braces | AA90: no | AB90: vertical_beam | AC90: wood | AD90: large | AE90: yes | AF90: no | AG90: yes | AH90: no | AI90: no | AJ90: road+support | AK90: support_only | AL90: support_only | AM90: no | AN90: no | AO90: wood | AP90: road | AQ90: no | AR90: yes | AS90: double_structure | AT90: no | AU90: no_exploit | AV90: =IF(J90="fail",IF(H90=1,"break","car_stuck"),"no_fail") -> break
A91: XX | B91: P_G7R | C91: S_0T2 | D91: ZSB | E91: =B91&"-"&D91&"-"&C91 -> P_G7R-ZSB-S_0T2 | F91: TRUE | G91: 100 | H91: 1 | I91: 10379 | J91: fail | L91: bridge | M91: 3 | N91: continuous | O91: right_overhang | P91: inclined | Q91: straight | R91: - | S91: - | T91: top_structure | U91: no_structure | V91: rock_structure | W91: arch_truss | Y91: no_braces | Z91: no_braces | AA91: yes | AB91: Y-shape | AC91: reinforced_road | AD91: large | AE91: yes | AF91: yes | AG91: yes | AH91: no | AI91: no | AJ91: road+support | AK91: support_only | AL91: road_only | AM91: no | AN91: no | AO91: wood | AP91: road | AQ91: no | AR91: yes | AS91: double_structure | AT91: no | AU91: no_exploit | AV91: =IF(J91="fail",IF(H91=1,"break","car_stuck"),"no_fail") -> break
A92: XX | B92: P_G7R | C92: S_1J8 | D92: ZSB | E92: =B92&"-"&D92&"-"&C92 -> P_G7R-ZSB-S_1J8 | F92: TRUE | G92: 97 | H92: 0 | I92: 9812 | J92: win | L92: bridge | M92: 3 | N92: continuous | O92: right_overhang | P92: inclined | Q92: straight | R92: - | S92: - | T92: top_structure | U92: no_structure | V92: rock_structure | W92: arch_truss | Y92: no_braces | Z92: no_braces | AA92: no | AB92: vertical_beam | AC92: steel | AD92: medium | AE92: yes | AF92: no | AG92: yes | AH92: yes | AI92: no | AJ92: road+support | AK92: support_only | AL92: support_only | AM92: no | AN92: no | AO92: wood | AP92: road | AQ92: no | AR92: yes | AS92: no | AT92: no | AU92: no_exploit | AV92: =IF(J92="fail",IF(H92=1,"break","car_stuck"),"no_fail") -> no_fail
A93: XX | B93: P_G7R | C93: S_1U0 | D93: ZSB | E93: =B93&"-"&D93&"-"&C93 -> P_G7R-ZSB-S_1U0 | F93: TRUE | G93: 96.5 | H93: 0 | I93: 11058 | J93: win | L93: bridge | M93: 3 | N93: continuous | O93: right_overhang | P93: inclined | Q93: straight | R93: - | S93: - | T93: top_structure | U93: no_structure | V93: rock_structure | W93: arch_truss | Y93: no_braces | Z93: no_braces | AA93: yes | AB93: Y-shape | AC93: reinforced_road | AD93: medium | AE93: yes | AF93: yes | AG93: yes | AH93: no | AI93: no | AJ93: road+support | AK93: support_only | AL93: road_only | AM93: no | AN93: no | AO93: wood | AP93: road | AQ93: no | AR93: yes | AS93: no | AT93: no | AU93: no_exploit | AV93: =IF(J93="fail",IF(H93=1,"break","car_stuck"),"no_fail") -> no_fail
A94: XX | B94: P_G7R | C94: S_3X6 | D94: ZSB | E94: =B94&"-"&D94&"-"&C94 -> P_G7R-ZSB-S_3X6 | F94: TRUE | G94: 75.2 | H94: 0 | I94: 11608 | J94: win | L94: bridge | M94: 3 | N94: continuous | O94: right_overhang | P94: inclined | Q94: straight | R94: - | S94: - | T94: top_structure | U94: no_structure | V94: rock_structure | W94: arch_truss | Y94: no_braces | Z94: no_braces | AA94: yes | AB94: Y-shape | AC94: reinforced_road | AD94: medium | AE94: yes | AF94: yes | AG94: yes | AH94: no | AI94: no | AJ94: road+support | AK94: support_only | AL94: road_only | AM94: no | AN94: no | AO94: wood | AP94: road | AQ94: no | AR94: yes | AS94: no | AT94: no | AU94: no_exploit | AV94: =IF(J94="fail",IF(H94=1,"break","car_stuck"),"no_fail") -> no_fail
A95: XX | B95: P_G7R | C95: S_3X7 | D95: ZSB | E95: =B95&"-"&D95&"-"&C95 -> P_G7R-ZSB-S_3X7 | F95: TRUE | G95: 93.3 | H95: 0 | I95: 9336 | J95: win | L95: bridge | M95: 3 | N95: continuous | O95: right_overhang | P95: inclined | Q95: straight | R95: - | S95: - | T95: top_structure | U95: no_structure | V95: rock_structure | W95: arch_truss | Y95: no_braces | Z95: no_braces | AA95: no | AB95: vertical_beam | AC95: steel | AD95: medium | AE95: yes | AF95: no | AG95: yes | AH95: yes | AI95: no | AJ95: road+support | AK95: support_only | AL95: support_only | AM95: no | AN95: no | AO95: wood | AP95: road | AQ95: no | AR95: yes | AS95: no | AT95: no | AU95: no_exploit | AV95: =IF(J95="fail",IF(H95=1,"break","car_stuck"),"no_fail") -> no_fail
A96: XX | B96: P_G7R | C96: S_8O8 | D96: ZSB | E96: =B96&"-"&D96&"-"&C96 -> P_G7R-ZSB-S_8O8 | F96: TRUE | G96: 100 | H96: 1 | I96: 9942 | J96: fail | L96: bridge | M96: 3 | N96: continuous | O96: right_overhang | P96: straight | Q96: - | R96: - | S96: - | T96: top_structure | U96: no_structure | V96: rock_structure | W96: arch_truss | Y96: no_braces | Z96: no_braces | AA96: no | AB96: vertical_beam | AC96: steel | AD96: medium | AE96: yes | AF96: no | AG96: yes | AH96: yes | AI96: no | AJ96: support_only | AK96: support_only | AL96: support_only | AM96: no | AN96: no | AO96: wood | AP96: road | AQ96: no | AR96: yes | AS96: no | AT96: no | AU96: no_exploit | AV96: =IF(J96="fail",IF(H96=1,"break","car_stuck"),"no_fail") -> break
A97: XX | B97: P_G7R | C97: S_9B4 | D97: ZSB | E97: =B97&"-"&D97&"-"&C97 -> P_G7R-ZSB-S_9B4 | F97: TRUE | G97: 81.6 | H97: 0 | I97: 10879 | J97: win | L97: bridge | M97: 3 | N97: continuous | O97: right_overhang | P97: inclined | Q97: straight | R97: - | S97: - | T97: top_structure | U97: no_structure | V97: rock_structure | W97: arch_truss | Y97: no_braces | Z97: no_braces | AA97: yes | AB97: Y-shape | AC97: reinforced_road | AD97: large | AE97: yes | AF97: yes | AG97: yes | AH97: no | AI97: no | AJ97: road+support | AK97: support_only | AL97: road_only | AM97: no | AN97: no | AO97: wood | AP97: road | AQ97: no | AR97: yes | AS97: double_structure | AT97: no | AU97: no_exploit | AV97: =IF(J97="fail",IF(H97=1,"break","car_stuck"),"no_fail") -> no_fail
A98: XX | B98: P_G7R | C98: S_9F6 | D98: ZSB | E98: =B98&"-"&D98&"-"&C98 -> P_G7R-ZSB-S_9F6 | F98: TRUE | G98: 100 | H98: 1 | I98: 9447 | J98: fail | L98: bridge | M98: 3 | N98: continuous | O98: right_overhang | P98: inclined | Q98: straight | R98: - | S98: - | T98: top_structure | U98: no_structure | V98: rock_structure | W98: arch_truss | Y98: no_braces | Z98: no_braces | AA98: no | AB98: vertical_beam | AC98: steel | AD98: medium | AE98: yes | AF98: no | AG98: yes | AH98: yes | AI98: no | AJ98: road+support | AK98: support_only | AL98: support_only | AM98: no | AN98: no | AO98: wood | AP98: road | AQ98: no | AR98: yes | AS98: no | AT98: no | AU98: no_exploit | AV98: =IF(J98="fail",IF(H98=1,"break","car_stuck"),"no_fail") -> break
A99: XX | B99: P_G7R | C99: S_9T2 | D99: ZSB | E99: =B99&"-"&D99&"-"&C99 -> P_G7R-ZSB-S_9T2 | F99: TRUE | G99: 91.9 | H99: 0 | I99: 9495 | J99: win | L99: bridge | M99: 3 | N99: continuous | O99: right_overhang | P99: inclined | Q99: straight | R99: - | S99: - | T99: top_structure | U99: no_structure | V99: rock_structure | W99: arch_truss | Y99: no_braces | Z99: no_braces | AA99: no | AB99: vertical_beam | AC99: steel | AD99: medium | AE99: yes | AF99: no | AG99: yes | AH99: yes | AI99: no | AJ99: road+support | AK99: support_only | AL99: support_only | AM99: no | AN99: no | AO99: wood | AP99: road | AQ99: no | AR99: yes | AS99: no | AT99: no | AU99: no_exploit | AV99: =IF(J99="fail",IF(H99=1,"break","car_stuck"),"no_fail") -> no_fail
A100: XX | B100: P_H7P | C100: S_0T2 | D100: ZSB | E100: =B100&"-"&D100&"-"&C100 -> P_H7P-ZSB-S_0T2 | F100: TRUE | G100: 99.9 | H100: 0 | I100: 14387 | J100: fail | L100: ramp | M100: 2 | N100: missing_section | O100: right | P100: ramp | Q100: - | R100: - | S100: - | T100: top_structure | U100: no_structure | V100: rock_structure | W100: standard_truss | Y100: no_braces | Z100: no_braces | AA100: no | AB100: multiple_beams | AC100: steel | AD100: large | AE100: no | AF100: yes | AG100: yes | AH100: no | AI100: no | AJ100: road+support | AK100: no_connection | AL100: support_only | AM100: no | AN100: no | AO100: wood | AP100: reinforced_road | AQ100: no | AR100: yes | AS100: no | AT100: no | AU100: no_exploit | AV100: =IF(J100="fail",IF(H100=1,"break","car_stuck"),"no_fail") -> car_stuck | AW100: *falls in water
...

Sheet 100_rand_gallery
A1: GroupID | B1: ParticipantID | C1: SolutionID | D1: PrePost | E1: FullID | F1: Include | G1: maxStress | H1: hasBreak | I1: budgetUsed | J1: result | L1: type | M1: numAnchorsUsed | N1: deckType_1 | O1: deckType_2 | P1: deckShape_1 | Q1: deckShape_2 | R1: deckShape_3 | S1: deckShape_4 | T1: structurePosition_Top | U1: structurePosition_Bottom | V1: structurePosition_Rock | W1: structureShape_1 | X1: structureShape_2 | Y1: hasBraces_1 | Z1: hasBraces_2 | AA1: roadAsStrut | AB1: rockSupportShape | AC1: rockSupportMat | AD1: structureSize | AE1: materialRoad | AF1: materialReinfRoad | AG1: materialWood | AH1: materialSteel | AI1: MaterialOther | AJ1: leftAnchorConnected | AK1: rightAnchorConnected | AL1: midAnchorConnected | AM1: hasDangling | AN1: restOnRock | AO1: predominantMaterialSupport | AP1: predominantMaterialDeck | AQ1: hasDiamonds | AR1: hasStructure | AS1: doubleFeature | AT1: isModded | AU1: exploitType | AV1: failType | AW1: Obs | AX1: video | AY1: videoPreview
A2: Gallery | B2: N/A | C2: 0QJQe | D2: N/A | E2: =C2 -> 0QJQe | F2: TRUE | G2: 58.5 | H2: =IF(G2=100,1,0) -> 0 | I2: 11152 | J2: win | L2: bridge | M2: 3 | N2: continuous | O2: fully_connected | P2: arch | Q2: straight | R2: - | S2: - | T2: top_structure | U2: no_structure | V2: rock_structure | W2: arch_truss | Y2: no_braces | Z2: no_braces | AA2: no | AB2: y-shape | AC2: wood | AD2: large | AE2: yes | AF2: no | AG2: yes | AH2: no | AI2: no | AJ2: road+support | AK2: road+support | AL2: support_only | AM2: no | AN2: no | AO2: wood | AP2: road | AQ2: no | AR2: yes | AS2: no | AT2: no | AU2: no_exploit | AV2: =IF(G2=100,"break", IF(J2="fail", "car_water", "no_fail")) -> no_fail | AX2: https://dfp529wcvahka.cloudfront.net/ws/GalleryEntry/0QJQe/video/Q7P2wj7M.dat | AY2: https://dfp529wcvahka.cloudfront.net/ws/GalleryEntry/0QJQe/video_preview/qc2LnL7U.png
A3: Gallery | B3: N/A | C3: 0QpXj | D3: N/A | E3: =C3 -> 0QpXj | F3: TRUE | G3: 56 | H3: =IF(G3=100,1,0) -> 0 | I3: 12663 | J3: win | L3: bridge | M3: 3 | N3: continuous | O3: fully_connected | P3: straight | Q3: inclined | R3: arch | S3: - | T3: top_structure | U3: no_structure | V3: rock_structure | W3: arch_truss | X3: standard_truss | Y3: no_braces | Z3: no_braces | AA3: no | AB3: multiple_beams | AC3: steel | AD3: large | AE3: yes | AF3: no | AG3: yes | AH3: yes | AI3: no | AJ3: road+support | AK3: road+support | AL3: support_only | AM3: no | AN3: no | AO3: wood | AP3: road | AQ3: no | AR3: yes | AS3: no | AT3: no | AU3: no_exploit | AV3: =IF(G3=100,"break", IF(J3="fail", "car_water", "no_fail")) -> no_fail | AX3: https://dfp529wcvahka.cloudfront.net/ws/GalleryEntry/0QpXj/video/qt76rjeD.dat | AY3: https://dfp529wcvahka.cloudfront.net/ws/GalleryEntry/0QpXj/video_preview/lFHG8RTi.png
A4: Gallery | B4: N/A | C4: 1ppo0 | D4: N/A | E4: =C4 -> 1ppo0 | F4: TRUE | G4: 91.6 | H4: =IF(G4=100,1,0) -> 0 | I4: 11036 | J4: win | L4: bridge | M4: 3 | N4: continuous | O4: fully_connected | P4: arch | Q4: - | R4: - | S4: - | T4: no_structure | U4: bottom_structure | V4: rock_structure | W4: standard_truss | Y4: terrain_brace | Z4: no_braces | AA4: no | AB4: multiple_beams | AC4: wood | AD4: medium | AE4: yes | AF4: no | AG4: yes | AH4: no | AI4: no | AJ4: road+support | AK4: road+support | AL4: support_only | AM4: no | AN4: no | AO4: wood | AP4: road | AQ4: no | AR4: yes | AS4: no | AT4: no | AU4: no_exploit | AV4: =IF(G4=100,"break", IF(J4="fail", "car_water", "no_fail")) -> no_fail | AX4: https://dfp529wcvahka.cloudfront.net/ws/GalleryEntry/1ppo0/video/ZTjIlkQX.dat | AY4: https://dfp529wcvahka.cloudfront.net/ws/GalleryEntry/1ppo0/video_preview/wOSTMQFp.png
A5: Gallery | B5: N/A | C5: 1qe8G | D5: N/A | E5: =C5 -> 1qe8G | F5: TRUE | G5: 48.5 | H5: =IF(G5=100,1,0) -> 0 | I5: 12524 | J5: win | L5: bridge | M5: 3 | N5: continuous | O5: fully_connected | P5: arch | Q5: - | R5: - | S5: - | T5: top_structure | U5: no_structure | V5: rock_structure | W5: standard_truss | Y5: no_braces | Z5: no_braces | AA5: no | AB5: multiple_beams | AC5: multiple_materials | AD5: medium | AE5: yes | AF5: no | AG5: yes | AH5: yes | AI5: no | AJ5: road+support | AK5: road+support | AL5: support_only | AM5: no | AN5: no | AO5: wood | AP5: road | AQ5: no | AR5: yes | AS5: no | AT5: no | AU5: no_exploit | AV5: =IF(G5=100,"break", IF(J5="fail", "car_water", "no_fail")) -> no_fail | AX5: https://dfp529wcvahka.cloudfront.net/ws/GalleryEntry/1qe8G/video/6suPEhu4.dat | AY5: https://dfp529wcvahka.cloudfront.net/ws/GalleryEntry/1qe8G/video_preview/oHSfJSVH.png
A6: Gallery | B6: N/A | C6: 2qlDd | D6: N/A | E6: =C6 -> 2qlDd | F6: TRUE | G6: 88.7 | H6: =IF(G6=100,1,0) -> 0 | I6: 9863 | J6: win | L6: bridge | M6: 3 | N6: continuous | O6: fully_connected | P6: arch | Q6: - | R6: - | S6: - | T6: top_structure | U6: bottom_structure | V6: rock_structure | W6: arch_truss | Y6: no_braces | Z6: no_braces | AA6: no | AB6: multiple_beams | AC6: wood | AD6: medium | AE6: yes | AF6: no | AG6: yes | AH6: no | AI6: no | AJ6: road+support | AK6: road+support | AL6: support_only | AM6: no | AN6: no | AO6: wood | AP6: road | AQ6: no | AR6: yes | AS6: no | AT6: no | AU6: no_exploit | AV6: =IF(G6=100,"break", IF(J6="fail", "car_water", "no_fail")) -> no_fail | AX6: https://dfp529wcvahka.cloudfront.net/ws/GalleryEntry/2qlDd/video/qIV9SuOn.dat | AY6: https://dfp529wcvahka.cloudfront.net/ws/GalleryEntry/2qlDd/video_preview/prcBLOJb.png
A7: Gallery | B7: N/A | C7: 339l9 | D7: N/A | E7: =C7 -> 339l9 | F7: TRUE | G7: 84.9 | H7: =IF(G7=100,1,0) -> 0 | I7: 8310 | J7: win | L7: bridge | M7: 3 | N7: continuous | O7: fully_connected | P7: s-shape | Q7: arch | R7: - | S7: - | T7: top_structure | U7: bottom_structure | V7: rock_structure | W7: arch_truss | Y7: no_braces | Z7: no_braces | AA7: no | AB7: multiple_beams | AC7: wood | AD7: medium | AE7: yes | AF7: no | AG7: yes | AH7: no | AI7: no | AJ7: road+support | AK7: road+support | AL7: support_only | AM7: no | AN7: no | AO7: wood | AP7: road | AQ7: no | AR7: yes | AS7: no | AT7: no | AU7: no_exploit | AV7: =IF(G7=100,"break", IF(J7="fail", "car_water", "no_fail")) -> no_fail | AX7: https://dfp529wcvahka.cloudfront.net/ws/GalleryEntry/339l9/video/6mlTf1Aq.dat | AY7: https://dfp529wcvahka.cloudfront.net/ws/GalleryEntry/339l9/video_preview/DOVqA2co.png
A8: Gallery | B8: N/A | C8: 45Pq6 | D8: N/A | E8: =C8 -> 45Pq6 | F8: TRUE | G8: 100 | H8: =IF(G8=100,1,0) -> 1 | I8: 15102 | J8: fail | L8: bridge | M8: 2 | N8: continuous | O8: fully_connected | P8: inclined | Q8: declined | R8: - | S8: - | T8: top_structure | U8: no_structure | V8: no_structure | W8: other | Y8: no_braces | Z8: no_braces | AA8: no | AB8: no_support | AC8: no_support | AD8: large | AE8: yes | AF8: no | AG8: yes | AH8: yes | AI8: no | AJ8: road+support | AK8: road+support | AL8: no_connection | AM8: no | AN8: no | AO8: steel | AP8: road | AQ8: no | AR8: yes | AS8: no | AT8: no | AU8: no_exploit | AV8: =IF(G8=100,"break", IF(J8="fail", "car_water", "no_fail")) -> break | AX8: https://dfp529wcvahka.cloudfront.net/ws/GalleryEntry/45Pq6/video/kiMDViWE.dat | AY8: https://dfp529wcvahka.cloudfront.net/ws/GalleryEntry/45Pq6/video_preview/KK8UsDUK.png
A9: Gallery | B9: N/A | C9: 4Ld2q | D9: N/A | E9: =C9 -> 4Ld2q | F9: TRUE | G9: 60.4 | H9: =IF(G9=100,1,0) -> 0 | I9: 23683 | J9: win | L9: bridge | M9: 2 | N9: continuous | O9: fully_connected | P9: arch | Q9: - | R9: - | S9: - | T9: top_structure | U9: no_structure | V9: no_structure | W9: a-truss | Y9: no_braces | Z9: no_braces | AA9: no | AB9: no_support | AC9: no_support | AD9: medium | AE9: no | AF9: yes | AG9: no | AH9: yes | AI9: no | AJ9: road+support | AK9: road+support | AL9: no_connection | AM9: no | AN9: no | AO9: steel | AP9: reinforced_road | AQ9: no | AR9: yes | AS9: no | AT9: no | AU9: no_exploit | AV9: =IF(G9=100,"break", IF(J9="fail", "car_water", "no_fail")) -> no_fail | AX9: https://dfp529wcvahka.cloudfront.net/ws/GalleryEntry/4Ld2q/video/vxMmzM88.dat | AY9: https://dfp529wcvahka.cloudfront.net/ws/GalleryEntry/4Ld2q/video_preview/UYSBlL1p.png
A10: Gallery | B10: N/A | C10: 4XWll | D10: N/A | E10: =C10 -> 4XWll | F10: TRUE | G10: 99.6 | H10: =IF(G10=100,1,0) -> 0 | I10: 7781 | J10: win | L10: bridge | M10: 3 | N10: continuous | O10: fully_connected | P10: arch | Q10: - | R10: - | S10: - | T10: top_structure | U10: bottom_structure | V10: rock_structure | W10: arch_truss | Y10: no_braces | Z10: no_braces | AA10: no | AB10: diamond | AC10: wood | AD10: small | AE10: yes | AF10: no | AG10: yes | AH10: no | AI10: no | AJ10: road+support | AK10: road+support | AL10: support_only | AM10: no | AN10: no | AO10: wood | AP10: road | AQ10: wood_diamond | AR10: yes | AS10: double_structure | AT10: no | AU10: no_exploit | AV10: =IF(G10=100,"break", IF(J10="fail", "car_water", "no_fail")) -> no_fail | AX10: https://dfp529wcvahka.cloudfront.net/ws/GalleryEntry/4XWll/video/K0glhs4S.dat | AY10: https://dfp529wcvahka.cloudfront.net/ws/GalleryEntry/4XWll/video_preview/i8mIZMPc.png
A11: Gallery | B11: N/A | C11: 5G1B5 | D11: N/A | E11: =C11 -> 5G1B5 | F11: TRUE | G11: 100 | H11: =IF(G11=100,1,0) -> 1 | I11: 15843 | J11: fail | L11: bridge | M11: 3 | N11: continuous | O11: fully_connected | P11: declined | Q11: arch | R11: - | S11: - | T11: top_structure | U11: no_structure | V11: no_structure | W11: standard_truss | X11: other | Y11: no_braces | Z11: no_braces | AA11: no | AB11: no_support | AC11: no_support | AD11: large | AE11: yes | AF11: yes | AG11: yes | AH11: yes | AI11: no | AJ11: road+support | AK11: road_only | AL11: road_only | AM11: no | AN11: no | AO11: steel | AP11: reinforced_road | AQ11: no | AR11: yes | AS11: no | AT11: no | AU11: no_exploit | AV11: =IF(G11=100,"break", IF(J11="fail", "car_water", "no_fail")) -> break | AX11: https://dfp529wcvahka.cloudfront.net/ws/GalleryEntry/5G1B5/video/M6obHEmG.dat | AY11: https://dfp529wcvahka.cloudfront.net/ws/GalleryEntry/5G1B5/video_preview/v6HVJ0eD.png
A12: Gallery | B12: N/A | C12: 5Xo9p | D12: N/A | E12: =C12 -> 5Xo9p | F12: TRUE | G12: 90.8 | H12: =IF(G12=100,1,0) -> 0 | I12: 7689 | J12: win | L12: bridge | M12: 3 | N12: continuous | O12: fully_connected | P12: arch | Q12: - | R12: - | S12: - | T12: top_structure | U12: bottom_structure | V12: rock_structure | W12: arch_truss | Y12: terrain_brace | Z12: no_braces | AA12: no | AB12: diamond | AC12: wood | AD12: small | AE12: yes | AF12: no | AG12: yes | AH12: no | AI12: no | AJ12: road+support | AK12: road+support | AL12: support_only | AM12: no | AN12: no | AO12: wood | AP12: road | AQ12: wood_diamond | AR12: yes | AS12: no | AT12: no | AU12: no_exploit | AV12: =IF(G12=100,"break", IF(J12="fail", "car_water", "no_fail")) -> no_fail | AX12: https://dfp529wcvahka.cloudfront.net/ws/GalleryEntry/5Xo9p/video/DfY2TP3L.dat | AY12: https://dfp529wcvahka.cloudfront.net/ws/GalleryEntry/5Xo9p/video_preview/HnYcbPyQ.png
A13: Gallery | B13: N/A | C13: 7lOE6 | D13: N/A | E13: =C13 -> 7lOE6 | F13: TRUE | G13: 99.3 | H13: =IF(G13=100,1,0) -> 0 | I13: 8518 | J13: win | L13: bridge | M13: 3 | N13: continuous | O13: fully_connected | P13: arch | Q13: inverted_arch | R13: - | S13: - | T13: top_structure | U13: no_structure | V13: rock_structure | W13: arch_truss | Y13: no_braces | Z13: no_braces | AA13: no | AB13: multiple_beams | AC13: wood | AD13: small | AE13: yes | AF13: no | AG13: yes | AH13: no | AI13: no | AJ13: road+support | AK13: road+support | AL13: support_only | AM13: no | AN13: no | AO13: wood | AP13: road | AQ13: no | AR13: yes | AS13: double_deck | AT13: no | AU13: no_exploit | AV13: =IF(G13=100,"break", IF(J13="fail", "car_water", "no_fail")) -> no_fail | AX13: https://dfp529wcvahka.cloudfront.net/ws/GalleryEntry/7lOE6/video/cj91C3nO.dat | AY13: https://dfp529wcvahka.cloudfront.net/ws/GalleryEntry/7lOE6/video_preview/wUazsx0o.png
A14: Gallery | B14: N/A | C14: 7Rkox | D14: N/A | E14: =C14 -> 7Rkox | F14: TRUE | G14: 60.8 | H14: =IF(G14=100,1,0) -> 0 | I14: 14246 | J14: fail | L14: ramp | M14: 2 | N14: missing_section | O14: right | P14: straight | Q14: inclined | R14: - | S14: - | T14: top_structure | U14: no_structure | V14: rock_structure | W14: standard_truss | X14: other_truss | Y14: no_braces | Z14: no_braces | AA14: no | AB14: multiple_beams | AC14: steel | AD14: medium | AE14: yes | AF14: yes | AG14: yes | AH14: yes | AI14: no | AJ14: road+support | AK14: no_connection | AL14: support_only | AM14: no | AN14: no | AO14: wood | AP14: reinforced_road | AQ14: no | AR14: yes | AS14: no | AT14: no | AU14: no_exploit | AV14: =IF(G14=100,"break", IF(J14="fail", "car_water", "no_fail")) -> car_water | AX14: https://dfp529wcvahka.cloudfront.net/ws/GalleryEntry/7Rkox/video/owr1ojqQ.dat | AY14: https://dfp529wcvahka.cloudfront.net/ws/GalleryEntry/7Rkox/video_preview/Gpnc3lwv.png
A15: Gallery | B15: N/A | C15: 8w7rl | D15: N/A | E15: =C15 -> 8w7rl | F15: TRUE | G15: 84.7 | H15: =IF(G15=100,1,0) -> 0 | I15: 8253 | J15: win | L15: bridge | M15: 3 | N15: continuous | O15: fully_connected | P15: arch | Q15: - | R15: - | S15: - | T15: top_structure | U15: bottom_structure | V15: rock_structure | W15: arch_truss | X15: standard_truss | Y15: no_braces | Z15: no_braces | AA15: no | AB15: vertical_beam | AC15: wood | AD15: medium | AE15: yes | AF15: no | AG15: yes | AH15: no | AI15: no | AJ15: road+support | AK15: road+support | AL15: support_only | AM15: no | AN15: no | AO15: wood | AP15: road | AQ15: no | AR15: yes | AS15: no | AT15: no | AU15: no_exploit | AV15: =IF(G15=100,"break", IF(J15="fail", "car_water", "no_fail")) -> no_fail | AX15: https://dfp529wcvahka.cloudfront.net/ws/GalleryEntry/8w7rl/video/WIGojyyK.dat | AY15: https://dfp529wcvahka.cloudfront.net/ws/GalleryEntry/8w7rl/video_preview/Zj4b89RV.png
A16: Gallery | B16: N/A | C16: 9d8Bd | D16: N/A | E16: =C16 -> 9d8Bd | F16: TRUE | G16: 100 | H16: =IF(G16=100,1,0) -> 1 | I16: 15137 | J16: fail | L16: ramp | M16: 2 | N16: missing_section | O16: right | P16: inclined | Q16: declined | R16: - | S16: - | T16: top_structure | U16: bottom_structure | V16: rock_structure | W16: other | Y16: no_braces | Z16: no_braces | AA16: no | AB16: vertical_beam | AC16: steel | AD16: large | AE16: yes | AF16: no | AG16: no | AH16: yes | AI16: no | AJ16: road_only | AK16: no_connection | AL16: road+support | AM16: no | AN16: no | AO16: steel | AP16: road | AQ16: no | AR16: yes | AS16: no | AT16: no | AU16: no_exploit | AV16: =IF(G16=100,"break", IF(J16="fail", "car_water", "no_fail")) -> break | AX16: https://dfp529wcvahka.cloudfront.net/ws/GalleryEntry/9d8Bd/video/3ICh8RRD.dat | AY16: https://dfp529wcvahka.cloudfront.net/ws/GalleryEntry/9d8Bd/video_preview/sEeluzQx.png
A17: Gallery | B17: N/A | C17: 9ZDod | D17: N/A | E17: =C17 -> 9ZDod | F17: TRUE | G17: 94.5 | H17: =IF(G17=100,1,0) -> 0 | I17: 10455 | J17: win | L17: bridge | M17: 2 | N17: continuous | O17: fully_connected | P17: inclined | Q17: straight | R17: declined | S17: - | T17: top_structure | U17: no_structure | V17: no_structure | W17: arch_truss | Y17: terrain_brace | Z17: no_braces | AA17: no | AB17: no_support | AC17: no_support | AD17: large | AE17: yes | AF17: no | AG17: yes | AH17: no | AI17: no | AJ17: road+support | AK17: road+support | AL17: no_connection | AM17: no | AN17: no | AO17: wood | AP17: road | AQ17: no | AR17: yes | AS17: no | AT17: no | AU17: no_exploit | AV17: =IF(G17=100,"break", IF(J17="fail", "car_water", "no_fail")) -> no_fail | AX17: https://dfp529wcvahka.cloudfront.net/ws/GalleryEntry/9ZDod/video/KrzKqD9G.dat | AY17: https://dfp529wcvahka.cloudfront.net/ws/GalleryEntry/9ZDod/video_preview/2Po8Fegl.png
A18: Gallery | B18: N/A | C18: 9ZMgx | D18: N/A | E18: =C18 -> 9ZMgx | F18: TRUE | G18: 99.9 | H18: =IF(G18=100,1,0) -> 0 | I18: 9096 | J18: win | L18: bridge | M18: 3 | N18: continuous | O18: fully_connected | P18: arch | Q18: - | R18: - | S18: - | T18: top_structure | U18: bottom_structure | V18: rock_structure | W18: arch_truss | X18: other | Y18: terrain_brace | Z18: no_braces | AA18: no | AB18: diamond | AC18: wood | AD18: medium | AE18: yes | AF18: yes | AG18: yes | AH18: yes | AI18: no | AJ18: road+support | AK18: road+support | AL18: support_only | AM18: no | AN18: no | AO18: wood | AP18: road | AQ18: wood_diamond | AR18: yes | AS18: no | AT18: no | AU18: no_exploit | AV18: =IF(G18=100,"break", IF(J18="fail", "car_water", "no_fail")) -> no_fail | AX18: https://dfp529wcvahka.cloudfront.net/ws/GalleryEntry/9ZMgx/video/tjcIA5Ha.dat | AY18: https://dfp529wcvahka.cloudfront.net/ws/GalleryEntry/9ZMgx/video_preview/18g8DC0F.png
A19: Gallery | B19: N/A | C19: a5m8l | D19: N/A | E19: =C19 -> a5m8l | F19: TRUE | G19: 100 | H19: =IF(G19=100,1,0) -> 1 | I19: 14895 | J19: fail | L19: bridge | M19: 3 | N19: continuous | O19: fully_connected | P19: arch | Q19: declined | R19: - | S19: - | T19: top_structure | U19: no_structure | V19: rock_structure | W19: standard_truss | Y19: no_braces | Z19: no_braces | AA19: no | AB19: vertical_beam | AC19: wood | AD19: large | AE19: yes | AF19: no | AG19: yes | AH19: yes | AI19: no | AJ19: road+support | AK19: road+support | AL19: road+support | AM19: no | AN19: no | AO19: wood | AP19: road | AQ19: no | AR19: yes | AS19: no | AT19: no | AU19: no_exploit | AV19: =IF(G19=100,"break", IF(J19="fail", "car_water", "no_fail")) -> break | AX19: https://dfp529wcvahka.cloudfront.net/ws/GalleryEntry/a5m8l/video/wwknlQw8.dat | AY19: https://dfp529wcvahka.cloudfront.net/ws/GalleryEntry/a5m8l/video_preview/fRpJggaO.png
A20: Gallery | B20: N/A | C20: aEzNe | D20: N/A | E20: =C20 -> aEzNe | F20: TRUE | G20: 98.3 | H20: =IF(G20=100,1,0) -> 0 | I20: 14613 | J20: win | L20: bridge | M20: 3 | N20: missing_section | O20: right | P20: straight | Q20: inclined | R20: - | S20: - | T20: top_structure | U20: no_structure | V20: rock_structure | W20: standard_truss | X20: other | Y20: no_braces | Z20: no_braces | AA20: no | AB20: multiple_beams | AC20: steel | AD20: small | AE20: yes | AF20: yes | AG20: yes | AH20: yes | AI20: no | AJ20: road+support | AK20: support_only | AL20: support_only | AM20: no | AN20: no | AO20: steel | AP20: reinforced_road | AQ20: no | AR20: yes | AS20: no | AT20: no | AU20: no_exploit | AV20: =IF(G20=100,"break", IF(J20="fail", "car_water", "no_fail")) -> no_fail | AX20: https://dfp529wcvahka.cloudfront.net/ws/GalleryEntry/aEzNe/video/7J27wOKa.dat | AY20: https://dfp529wcvahka.cloudfront.net/ws/GalleryEntry/aEzNe/video_preview/rxZ0ar89.png
A21: Gallery | B21: N/A | C21: Ag5q6 | D21: N/A | E21: =C21 -> Ag5q6 | F21: TRUE | G21: 100 | H21: =IF(G21=100,1,0) -> 1 | I21: 6800 | J21: fail | L21: bridge | M21: 1 | N21: continuous | O21: right_overhang | P21: inclined | Q21: declined | S21: - | T21: no_structure | U21: no_structure | V21: no_structure | W21: no_truss | Y21: no_braces | Z21: no_braces | AA21: no | AB21: no_support | AC21: no_support | AD21: no_structure | AE21: no | AF21: yes | AG21: no | AH21: no | AI21: no | AJ21: road_only | AK21: no_connection | AL21: no_connection | AM21: no | AN21: no | AO21: no_support | AP21: reinforced_road | AQ21: no | AR21: no | AS21: no | AT21: no | AU21: no_exploit | AV21: =IF(G21=100,"break", IF(J21="fail", "car_water", "no_fail")) -> break | AX21: https://dfp529wcvahka.cloudfront.net/ws/GalleryEntry/Ag5q6/video/q9htkWeR.dat | AY21: https://dfp529wcvahka.cloudfront.net/ws/GalleryEntry/Ag5q6/video_preview/Ms4W68bQ.png
A22: Gallery | B22: N/A | C22: AMMOv | D22: N/A | E22: =C22 -> AMMOv | F22: TRUE | G22: 96.24 | H22: =IF(G22=100,1,0) -> 0 | I22: 21436 | J22: win | L22: bridge | M22: 3 | N22: continuous | O22: fully_connected | P22: inclined | Q22: platform | R22: arch | S22: - | T22: top_structure | U22: no_structure | V22: rock_structure | W22: standard_truss | X22: other_truss | Y22: no_braces | Z22: no_braces | AA22: no | AB22: multiple_beams | AC22: steel | AD22: large | AE22: no | AF22: yes | AG22: no | AH22: yes | AI22: no | AJ22: road+support | AK22: road_only | AL22: support_only | AM22: no | AN22: no | AO22: steel | AP22: reinforced_road | AQ22: no | AR22: yes | AS22: no | AT22: no | AU22: no_exploit | AV22: =IF(G22=100,"break", IF(J22="fail", "car_water", "no_fail")) -> no_fail | AX22: https://dfp529wcvahka.cloudfront.net/ws/GalleryEntry/AMMOv/video/H7Y2TUXe.dat | AY22: https://dfp529wcvahka.cloudfront.net/ws/GalleryEntry/AMMOv/video_preview/cHYGZwHw.png
A23: Gallery | B23: N/A | C23: AMR1N | D23: N/A | E23: =C23 -> AMR1N | F23: TRUE | G23: 55.35 | H23: =IF(G23=100,1,0) -> 0 | I23: 12001 | J23: win | L23: bridge | M23: 3 | N23: continuous | O23: fully_connected | P23: arch | Q23: - | R23: - | S23: - | T23: top_structure | U23: no_structure | V23: rock_structure | W23: standard_truss | Y23: no_braces | Z23: no_braces | AA23: no | AB23: multiple_beams | AC23: steel | AD23: large | AE23: yes | AF23: no | AG23: yes | AH23: yes | AI23: no | AJ23: road+support | AK23: road+support | AL23: support_only | AM23: no | AN23: no | AO23: wood | AP23: road | AQ23: no | AR23: yes | AS23: no | AT23: no | AU23: no_exploit | AV23: =IF(G23=100,"break", IF(J23="fail", "car_water", "no_fail")) -> no_fail | AX23: https://dfp529wcvahka.cloudfront.net/ws/GalleryEntry/AMR1N/video/FHBrFP2r.dat | AY23: https://dfp529wcvahka.cloudfront.net/ws/GalleryEntry/AMR1N/video_preview/YzkCW019.png
A24: Gallery | B24: N/A | C24: Ao5M3 | D24: N/A | E24: =C24 -> Ao5M3 | F24: TRUE | G24: 99.83 | H24: =IF(G24=100,1,0) -> 0 | I24: 8739 | J24: win | L24: bridge | M24: 3 | N24: continuous | O24: fully_connected | P24: arch | Q24: straight | R24: - | S24: - | T24: top_structure | U24: no_structure | V24: rock_structure | W24: arch_truss | Y24: no_braces | Z24: no_braces | AA24: no | AB24: multiple_beams | AC24: wood | AD24: small | AE24: yes | AF24: no | AG24: yes | AH24: no | AI24: no | AJ24: road+support | AK24: road+support | AL24: support_only | AM24: no | AN24: no | AO24: wood | AP24: road | AQ24: no | AR24: yes | AS24: no | AT24: no | AU24: no_exploit | AV24: =IF(G24=100,"break", IF(J24="fail", "car_water", "no_fail")) -> no_fail | AX24: https://dfp529wcvahka.cloudfront.net/ws/GalleryEntry/Ao5M3/video/Av7zKzRg.dat | AY24: https://dfp529wcvahka.cloudfront.net/ws/GalleryEntry/Ao5M3/video_preview/0AqdVqWZ.png
A25: Gallery | B25: N/A | C25: b1g4G | D25: N/A | E25: =C25 -> b1g4G | F25: TRUE | G25: 83.4 | H25: =IF(G25=100,1,0) -> 0 | I25: 26919 | J25: win | L25: bridge | M25: 3 | N25: continuous | O25: right_overhang | P25: inclined | Q25: - | R25: - | S25: - | T25: top_structure | U25: bottom_structure | V25: rock_structure | W25: other | Y25: no_braces | Z25: no_braces | AA25: no | AB25: multiple_beams | AC25: steel | AD25: large | AE25: yes | AF25: no | AG25: no | AH25: yes | AI25: no | AJ25: road+support | AK25: support_only | AL25: support_only | AM25: no | AN25: no | AO25: steel | AP25: road | AQ25: no | AR25: yes | AS25: no | AT25: no | AU25: no_exploit | AV25: =IF(G25=100,"break", IF(J25="fail", "car_water", "no_fail")) -> no_fail | AX25: https://dfp529wcvahka.cloudfront.net/ws/GalleryEntry/b1g4G/video/5iadh8s1.dat | AY25: https://dfp529wcvahka.cloudfront.net/ws/GalleryEntry/b1g4G/video_preview/hkczhnS8.png
A26: Gallery | B26: N/A | C26: b3BX3 | D26: N/A | E26: =C26 -> b3BX3 | F26: TRUE | G26: 96.76 | H26: =IF(G26=100,1,0) -> 0 | I26: 6139 | J26: win | L26: bridge | M26: 3 | N26: continuous | O26: fully_connected | P26: arch | Q26: inclined | R26: declined | S26: - | T26: no_structure | U26: bottom_structure | V26: rock_structure | W26: standard_truss | Y26: terrain_brace | Z26: no_braces | AA26: no | AB26: multiple_beams | AC26: wood | AD26: medium | AE26: yes | AF26: no | AG26: yes | AH26: no | AI26: no | AJ26: road+support | AK26: road+support | AL26: support_only | AM26: no | AN26: no | AO26: wood | AP26: road | AQ26: no | AR26: yes | AS26: no | AT26: no | AU26: no_exploit | AV26: =IF(G26=100,"break", IF(J26="fail", "car_water", "no_fail")) -> no_fail | AX26: https://dfp529wcvahka.cloudfront.net/ws/GalleryEntry/b3BX3/video/Gden2M2W.dat | AY26: https://dfp529wcvahka.cloudfront.net/ws/GalleryEntry/b3BX3/video_preview/mdJrjNwt.png
A27: Gallery | B27: N/A | C27: b3ENz | D27: N/A | E27: =C27 -> b3ENz | F27: TRUE | G27: 97.5 | H27: =IF(G27=100,1,0) -> 0 | I27: 8416 | J27: win | L27: bridge | M27: 3 | N27: continuous | O27: fully_connected | P27: arch | Q27: - | R27: - | S27: - | T27: top_structure | U27: bottom_structure | V27: rock_structure | W27: arch_truss | Y27: no_braces | Z27: no_braces | AA27: no | AB27: multiple_beams | AC27: wood | AD27: medium | AE27: yes | AF27: no | AG27: yes | AH27: no | AI27: no | AJ27: road+support | AK27: road+support | AL27: support_only | AM27: no | AN27: no | AO27: wood | AP27: road | AQ27: no | AR27: yes | AS27: double_structure | AT27: no | AU27: no_exploit | AV27: =IF(G27=100,"break", IF(J27="fail", "car_water", "no_fail")) -> no_fail | AX27: https://dfp529wcvahka.cloudfront.net/ws/GalleryEntry/b3ENz/video/NKmlHOZE.dat | AY27: https://dfp529wcvahka.cloudfront.net/ws/GalleryEntry/b3ENz/video_preview/IO8adRmZ.png
A28: Gallery | B28: N/A | C28: b77M7 | D28: N/A | E28: =C28 -> b77M7 | F28: TRUE | G28: 99.15 | H28: =IF(G28=100,1,0) -> 0 | I28: 6592 | J28: win | L28: bridge | M28: 3 | N28: missing_section | O28: right | P28: ramp | Q28: - | R28: - | S28: - | T28: top_structure | U28: no_structure | V28: rock_structure | W28: arch_truss | X28: other | Y28: terrain_brace | Z28: no_braces | AA28: no | AB28: multiple_beams | AC28: wood | AD28: small | AE28: yes | AF28: no | AG28: yes | AH28: no | AI28: no | AJ28: road+support | AK28: support_only | AL28: support_only | AM28: no | AN28: no | AO28: wood | AP28: road | AQ28: wood_diamond | AR28: yes | AS28: no | AT28: no | AU28: no_exploit | AV28: =IF(G28=100,"break", IF(J28="fail", "car_water", "no_fail")) -> no_fail | AX28: https://dfp529wcvahka.cloudfront.net/ws/GalleryEntry/b77M7/video/UchVOlIx.dat | AY28: https://dfp529wcvahka.cloudfront.net/ws/GalleryEntry/b77M7/video_preview/zmZnthHQ.png
A29: Gallery | B29: N/A | C29: bD2r4 | D29: N/A | E29: =C29 -> bD2r4 | F29: TRUE | G29: 100 | H29: =IF(G29=100,1,0) -> 1 | I29: 4580 | J29: win | L29: bridge | M29: 3 | N29: missing_section | O29: multiple | P29: declined | Q29: inclined | R29: arch | S29: landing_platform | T29: no_structure | U29: bottom_structure | V29: rock_structure | W29: other | Y29: terrain_brace | Z29: rock_brace | AA29: yes | AB29: vertical_beam | AC29: wood | AD29: small | AE29: yes | AF29: no | AG29: yes | AH29: no | AI29: no | AJ29: road_only | AK29: road+support | AL29: road+support | AM29: no | AN29: yes | AO29: wood | AP29: road | AQ29: no | AR29: yes | AS29: no | AT29: no | AU29: no_exploit | AV29: =IF(G29=100,"break", IF(J29="fail", "car_water", "no_fail")) -> break | AX29: https://dfp529wcvahka.cloudfront.net/ws/GalleryEntry/bD2r4/video/OoGKGTlU.dat | AY29: https://dfp529wcvahka.cloudfront.net/ws/GalleryEntry/bD2r4/video_preview/nIhWrmnG.png
A30: Gallery | B30: N/A | C30: bd98w | D30: N/A | E30: =C30 -> bd98w | F30: TRUE | G30: 97.6 | H30: =IF(G30=100,1,0) -> 0 | I30: 7300 | J30: win | L30: bridge | M30: 3 | N30: missing_section | O30: right | P30: inclined | Q30: - | R30: - | S30: - | T30: top_structure | U30: bottom_structure | V30: rock_structure | W30: arch_truss | X30: other_truss | Y30: no_braces | Z30: no_braces | AA30: no | AB30: multiple_beams | AC30: wood | AD30: medium | AE30: yes | AF30: no | AG30: yes | AH30: no | AI30: no | AJ30: road+support | AK30: support_only | AL30: support_only | AM30: no | AN30: no | AO30: wood | AP30: road | AQ30: wood_diamond | AR30: yes | AS30: no | AT30: no | AU30: no_exploit | AV30: =IF(G30=100,"break", IF(J30="fail", "car_water", "no_fail")) -> no_fail | AX30: https://dfp529wcvahka.cloudfront.net/ws/GalleryEntry/bd98w/video/JowiKATV.dat | AY30: https://dfp529wcvahka.cloudfront.net/ws/GalleryEntry/bd98w/video_preview/qX3JsbpG.png
A31: Gallery | B31: N/A | C31: bdpx7 | D31: N/A | E31: =C31 -> bdpx7 | F31: TRUE | G31: 92.79 | H31: =IF(G31=100,1,0) -> 0 | I31: 11269 | J31: win | L31: bridge | M31: 3 | N31: continuous | O31: fully_connected | P31: straight | Q31: arch | R31: - | S31: - | T31: top_structure | U31: bottom_structure | V31: rock_structure | W31: arch_truss | Y31: no_braces | Z31: no_braces | AA31: no | AB31: multiple_beams | AC31: multiple_materials | AD31: small | AE31: yes | AF31: no | AG31: yes | AH31: yes | AI31: no | AJ31: road+support | AK31: road+support | AL31: support_only | AM31: no | AN31: no | AO31: wood | AP31: road | AQ31: no | AR31: yes | AS31: no | AT31: no | AU31: no_exploit | AV31: =IF(G31=100,"break", IF(J31="fail", "car_water", "no_fail")) -> no_fail | AX31: https://dfp529wcvahka.cloudfront.net/ws/GalleryEntry/bdpx7/video/DRb7Tm6d.dat | AY31: https://dfp529wcvahka.cloudfront.net/ws/GalleryEntry/bdpx7/video_preview/JLQJX2E6.png
A32: Gallery | B32: N/A | C32: bjjNm | D32: N/A | E32: =C32 -> bjjNm | F32: TRUE | G32: 99.87 | H32: =IF(G32=100,1,0) -> 0 | I32: 8646 | J32: win | L32: bridge | M32: 3 | N32: missing_section | O32: right | P32: straight | Q32: arch | R32: - | S32: - | T32: top_structure | U32: bottom_structure | V32: rock_structure | W32: arch_truss | Y32: no_braces | Z32: no_braces | AA32: no | AB32: multiple_beams | AC32: wood | AD32: small | AE32: yes | AF32: no | AG32: yes | AH32: no | AI32: no | AJ32: road+support | AK32: support_only | AL32: support_only | AM32: no | AN32: no | AO32: wood | AP32: road | AQ32: no | AR32: yes | AS32: double_structure | AT32: no | AU32: no_exploit | AV32: =IF(G32=100,"break", IF(J32="fail", "car_water", "no_fail")) -> no_fail | AX32: https://dfp529wcvahka.cloudfront.net/ws/GalleryEntry/bjjNm/video/dzgurb6V.dat | AY32: https://dfp529wcvahka.cloudfront.net/ws/GalleryEntry/bjjNm/video_preview/xhoMHDlH.png
A33: Gallery | B33: N/A | C33: BNPjd | D33: N/A | E33: =C33 -> BNPjd | F33: TRUE | G33: 100 | H33: =IF(G33=100,1,0) -> 1 | I33: 14534 | J33: fail | L33: bridge | M33: 2 | N33: missing_section | O33: right | P33: loop | Q33: - | R33: - | S33: - | T33: no_structure | U33: bottom_structure | V33: rock_structure | W33: other | Y33: rock_brace | Z33: no_braces | AA33: no | AB33: vertical_beam | AC33: steel | AD33: medium | AE33: yes | AF33: no | AG33: yes | AH33: yes | AI33: no | AJ33: road+support | AK33: no_connection | AL33: support_only | AM33: no | AN33: no | AO33: steel | AP33: road | AQ33: no | AR33: yes | AS33: no | AT33: no | AU33: car_hitbox | AV33: =IF(G33=100,"break", IF(J33="fail", "car_water", "no_fail")) -> break | AX33: https://dfp529wcvahka.cloudfront.net/ws/GalleryEntry/BNPjd/video/Xy53TY2n.dat | AY33: https://dfp529wcvahka.cloudfront.net/ws/GalleryEntry/BNPjd/video_preview/VeMILkYC.png
A34: Gallery | B34: N/A | C34: D5eOO | D34: N/A | E34: =C34 -> D5eOO | F34: TRUE | G34: 57 | H34: =IF(G34=100,1,0) -> 0 | I34: 9673 | J34: win | L34: bridge | M34: 3 | N34: continuous | O34: fully_connected | P34: arch | Q34: - | R34: - | S34: - | T34: top_structure | U34: bottom_structure | V34: rock_structure | W34: arch_truss | X34: standard_truss | Y34: no_braces | Z34: no_braces | AA34: no | AB34: multiple_beams | AC34: wood | AD34: medium | AE34: yes | AF34: no | AG34: yes | AH34: no | AI34: no | AJ34: road+support | AK34: road+support | AL34: support_only | AM34: no | AN34: no | AO34: wood | AP34: road | AQ34: no | AR34: yes | AS34: no | AT34: no | AU34: no_exploit | AV34: =IF(G34=100,"break", IF(J34="fail", "car_water", "no_fail")) -> no_fail | AX34: https://dfp529wcvahka.cloudfront.net/ws/GalleryEntry/D5eOO/video/GdOlJ3Gl.dat | AY34: https://dfp529wcvahka.cloudfront.net/ws/GalleryEntry/D5eOO/video_preview/EQjSuFSk.png
A35: Gallery | B35: N/A | C35: D5GKP | D35: N/A | E35: =C35 -> D5GKP | F35: TRUE | G35: 99 | H35: =IF(G35=100,1,0) -> 0 | I35: 7729 | J35: win | L35: bridge | M35: 3 | N35: continuous | O35: fully_connected | P35: straight | Q35: arch | R35: - | S35: - | T35: top_structure | U35: no_structure | V35: rock_structure | W35: arch_truss | Y35: terrain_brace | Z35: no_braces | AA35: no | AB35: multiple_beams | AC35: multiple_materials | AD35: small | AE35: yes | AF35: no | AG35: yes | AH35: yes | AI35: no | AJ35: road+support | AK35: road+support | AL35: support_only | AM35: no | AN35: no | AO35: wood | AP35: road | AQ35: no | AR35: yes | AS35: no | AT35: no | AU35: no_exploit | AV35: =IF(G35=100,"break", IF(J35="fail", "car_water", "no_fail")) -> no_fail | AX35: https://dfp529wcvahka.cloudfront.net/ws/GalleryEntry/D5GKP/video/4XdVDcK6.dat | AY35: https://dfp529wcvahka.cloudfront.net/ws/GalleryEntry/D5GKP/video_preview/NiHFnRjB.png
A36: Gallery | B36: N/A | C36: dol5G | D36: N/A | E36: =C36 -> dol5G | F36: TRUE | G36: 65 | H36: =IF(G36=100,1,0) -> 0 | I36: 11871 | J36: win | L36: bridge | M36: 3 | N36: continuous | O36: fully_connected | P36: inclined | Q36: arch | R36: - | S36: - | T36: top_structure | U36: bottom_structure | V36: rock_structure | W36: standard_truss | Y36: no_braces | Z36: no_braces | AA36: no | AB36: multiple_beams | AC36: wood | AD36: large | AE36: yes | AF36: no | AG36: yes | AH36: no | AI36: no | AJ36: road+support | AK36: road+support | AL36: support_only | AM36: no | AN36: no | AO36: wood | AP36: road | AQ36: no | AR36: yes | AS36: no | AT36: no | AU36: no_exploit | AV36: =IF(G36=100,"break", IF(J36="fail", "car_water", "no_fail")) -> no_fail | AX36: https://dfp529wcvahka.cloudfront.net/ws/GalleryEntry/dol5G/video/TaQU6bkm.dat | AY36: https://dfp529wcvahka.cloudfront.net/ws/GalleryEntry/dol5G/video_preview/tWv4v1PG.png
A37: Gallery | B37: N/A | C37: doRRG | D37: N/A | E37: =C37 -> doRRG | F37: TRUE | G37: 85.5 | H37: =IF(G37=100,1,0) -> 0 | I37: 14998 | J37: win | L37: bridge | M37: 3 | N37: continuous | O37: fully_connected | P37: straight | Q37: s-shape | R37: arch | S37: - | T37: top_structure | U37: bottom_structure | V37: rock_structure | W37: standard_truss | Y37: terrain_brace | Z37: no_braces | AA37: no | AB37: multiple_beams | AC37: wood | AD37: large | AE37: yes | AF37: yes | AG37: yes | AH37: yes | AI37: no | AJ37: road+support | AK37: road+support | AL37: support_only | AM37: no | AN37: no | AO37: wood | AP37: road | AQ37: wood_diamond | AR37: yes | AS37: no | AT37: no | AU37: no_exploit | AV37: =IF(G37=100,"break", IF(J37="fail", "car_water", "no_fail")) -> no_fail | AX37: https://dfp529wcvahka.cloudfront.net/ws/GalleryEntry/doRRG/video/ymdfifAZ.dat | AY37: https://dfp529wcvahka.cloudfront.net/ws/GalleryEntry/doRRG/video_preview/nHg2bI3T.png
A38: Gallery | B38: N/A | C38: Dz244 | D38: N/A | E38: =C38 -> Dz244 | F38: TRUE | G38: 100 | H38: =IF(G38=100,1,0) -> 1 | I38: 14988 | J38: fail | L38: bridge | M38: 3 | N38: continuous | O38: fully_connected | P38: arch | Q38: - | R38: - | S38: - | T38: top_structure | U38: bottom_structure | V38: rock_structure | W38: other | Y38: no_braces | Z38: no_braces | AA38: no | AB38: multiple_beams | AC38: steel | AD38: small | AE38: yes | AF38: yes | AG38: yes | AH38: yes | AI38: no | AJ38: road+support | AK38: road+support | AL38: support_only | AM38: no | AN38: no | AO38: steel | AP38: road | AQ38: steel_diamond | AR38: yes | AS38: no | AT38: no | AU38: no_exploit | AV38: =IF(G38=100,"break", IF(J38="fail", "car_water", "no_fail")) -> break | AX38: https://dfp529wcvahka.cloudfront.net/ws/GalleryEntry/Dz244/video/mzbp5RkA.dat | AY38: https://dfp529wcvahka.cloudfront.net/ws/GalleryEntry/Dz244/video_preview/2Cdpysmx.png
A39: Gallery | B39: N/A | C39: Dzmd4 | D39: N/A | E39: =C39 -> Dzmd4 | F39: TRUE | G39: 82.3 | H39: =IF(G39=100,1,0) -> 0 | I39: 6759 | J39: win | L39: bridge | M39: 3 | N39: continuous | O39: fully_connected | P39: straight | Q39: arch | R39: declined | S39: - | T39: top_structure | U39: bottom_structure | V39: rock_structure | W39: standard_truss | Y39: terrain_brace | Z39: no_braces | AA39: no | AB39: multiple_beams | AC39: wood | AD39: small | AE39: yes | AF39: no | AG39: yes | AH39: no | AI39: no | AJ39: road+support | AK39: road+support | AL39: support_only | AM39: no | AN39: no | AO39: wood | AP39: road | AQ39: no | AR39: yes | AS39: no | AT39: no | AU39: no_exploit | AV39: =IF(G39=100,"break", IF(J39="fail", "car_water", "no_fail")) -> no_fail | AX39: https://dfp529wcvahka.cloudfront.net/ws/GalleryEntry/Dzmd4/video/em1GwMQA.dat | AY39: https://dfp529wcvahka.cloudfront.net/ws/GalleryEntry/Dzmd4/video_preview/05wjvPHl.png
A40: Gallery | B40: N/A | C40: e3zza | D40: N/A | E40: =C40 -> e3zza | F40: TRUE | G40: 100 | H40: =IF(G40=100,1,0) -> 1 | I40: 12690 | J40: fail | L40: ramp | M40: 2 | N40: missing_section | O40: right | P40: inclined | Q40: - | R40: - | S40: - | T40: top_structure | U40: no_structure | V40: rock_structure | W40: arch_truss | Y40: no_braces | Z40: no_braces | AA40: no | AB40: vertical_beam | AC40: steel | AD40: large | AE40: yes | AF40: no | AG40: yes | AH40: yes | AI40: no | AJ40: road+support | AK40: no_connection | AL40: support_only | AM40: no | AN40: no | AO40: wood | AP40: road | AQ40: no | AR40: yes | AS40: no | AT40: no | AU40: no_exploit | AV40: =IF(G40=100,"break", IF(J40="fail", "car_water", "no_fail")) -> break | AX40: https://dfp529wcvahka.cloudfront.net/ws/GalleryEntry/e3zza/video/IsvRMeFw.dat | AY40: https://dfp529wcvahka.cloudfront.net/ws/GalleryEntry/e3zza/video_preview/mWYHmivP.png
A41: Gallery | B41: N/A | C41: EB3WD | D41: N/A | E41: =C41 -> EB3WD | F41: TRUE | G41: 98.7 | H41: =IF(G41=100,1,0) -> 0 | I41: 8241 | J41: win | L41: bridge | M41: 3 | N41: missing_section | O41: right | P41: inclined | Q41: - | R41: - | S41: - | T41: top_structure | U41: no_structure | V41: rock_structure | W41: standard_truss | Y41: no_braces | Z41: no_braces | AA41: no | AB41: vertical_beam | AC41: wood | AD41: medium | AE41: yes | AF41: yes | AG41: yes | AH41: no | AI41: no | AJ41: road+support | AK41: support_only | AL41: support_only | AM41: no | AN41: no | AO41: wood | AP41: road | AQ41: no | AR41: yes | AS41: no | AT41: no | AU41: no_exploit | AV41: =IF(G41=100,"break", IF(J41="fail", "car_water", "no_fail")) -> no_fail | AX41: https://dfp529wcvahka.cloudfront.net/ws/GalleryEntry/EB3WD/video/qGadIPYc.dat | AY41: https://dfp529wcvahka.cloudfront.net/ws/GalleryEntry/EB3WD/video_preview/mhIJvGep.png
A42: Gallery | B42: N/A | C42: EB5ye | D42: N/A | E42: =C42 -> EB5ye | F42: TRUE | G42: 100 | H42: =IF(G42=100,1,0) -> 1 | I42: 14773 | J42: win | L42: bridge | M42: 3 | N42: continuous | O42: fully_connected | P42: arch | Q42: - | R42: - | S42: - | T42: no_structure | U42: bottom_structure | V42: rock_structure | W42: standard_truss | Y42: no_braces | Z42: no_braces | AA42: no | AB42: vertical_beam | AC42: wood | AD42: medium | AE42: yes | AF42: no | AG42: yes | AH42: yes | AI42: no | AJ42: road+support | AK42: road+support | AL42: support_only | AM42: no | AN42: no | AO42: steel | AP42: road | AQ42: no | AR42: yes | AS42: no | AT42: no | AU42: no_exploit | AV42: =IF(G42=100,"break", IF(J42="fail", "car_water", "no_fail")) -> break | AX42: https://dfp529wcvahka.cloudfront.net/ws/GalleryEntry/EB5ye/video/npwfYUUk.dat | AY42: https://dfp529wcvahka.cloudfront.net/ws/GalleryEntry/EB5ye/video_preview/jSe6P1d1.png
A43: Gallery | B43: N/A | C43: EBEL0 | D43: N/A | E43: =C43 -> EBEL0 | F43: TRUE | G43: 99.6 | H43: =IF(G43=100,1,0) -> 0 | I43: 8149 | J43: win | L43: bridge | M43: 3 | N43: continuous | O43: fully_connected | P43: inverted_arch | Q43: s-shape | R43: arch | S43: - | T43: top_structure | U43: no_structure | V43: rock_structure | W43: arch_truss | Y43: no_braces | Z43: no_braces | AA43: no | AB43: multiple_beams | AC43: wood | AD43: small | AE43: yes | AF43: no | AG43: yes | AH43: no | AI43: no | AJ43: road+support | AK43: road+support | AL43: support_only | AM43: no | AN43: no | AO43: wood | AP43: road | AQ43: no | AR43: yes | AS43: double_structure | AT43: no | AU43: no_exploit | AV43: =IF(G43=100,"break", IF(J43="fail", "car_water", "no_fail")) -> no_fail | AX43: https://dfp529wcvahka.cloudfront.net/ws/GalleryEntry/EBEL0/video/FJZZnc5H.dat | AY43: https://dfp529wcvahka.cloudfront.net/ws/GalleryEntry/EBEL0/video_preview/sg0gFp2J.png
A44: Gallery | B44: N/A | C44: eDdjE | D44: N/A | E44: =C44 -> eDdjE | F44: TRUE | G44: 74.2 | H44: =IF(G44=100,1,0) -> 0 | I44: 12008 | J44: win | L44: bridge | M44: 3 | N44: continuous | O44: fully_connected | P44: inclined | Q44: straight | R44: declined | S44: - | T44: top_structure | U44: no_structure | V44: rock_structure | W44: standard_truss | Y44: no_braces | Z44: no_braces | AA44: no | AB44: y-shape | AC44: steel | AD44: medium | AE44: yes | AF44: no | AG44: yes | AH44: yes | AI44: no | AJ44: road+support | AK44: road+support | AL44: support_only | AM44: no | AN44: no | AO44: wood | AP44: road | AQ44: no | AR44: yes | AS44: no | AT44: no | AU44: no_exploit | AV44: =IF(G44=100,"break", IF(J44="fail", "car_water", "no_fail")) -> no_fail | AX44: https://dfp529wcvahka.cloudfront.net/ws/GalleryEntry/eDdjE/video/x4In0LDr.dat | AY44: https://dfp529wcvahka.cloudfront.net/ws/GalleryEntry/eDdjE/video_preview/j6w4YB3u.png
A45: Gallery | B45: N/A | C45: ENaG2 | D45: N/A | E45: =C45 -> ENaG2 | F45: TRUE | G45: 100 | H45: =IF(G45=100,1,0) -> 1 | I45: 4143 | J45: fail | L45: bridge | M45: 3 | N45: continuous | O45: fully_connected | P45: inverted_arch | Q45: inclined | R45: straight | S45: landing_platform | T45: no_structure | U45: bottom_structure | V45: no_structure | W45: other | Y45: rock_brace | Z45: terrain_brace | AA45: yes | AB45: no_support | AC45: no_support | AD45: small | AE45: yes | AF45: no | AG45: yes | AH45: no | AI45: no | AJ45: road+support | AK45: road+support | AL45: road_only | AM45: yes | AN45: yes | AO45: wood | AP45: road | AQ45: no | AR45: yes | AS45: no | AT45: no | AU45: no_exploit | AV45: =IF(G45=100,"break", IF(J45="fail", "car_water", "no_fail")) -> break | AX45: https://dfp529wcvahka.cloudfront.net/ws/GalleryEntry/ENaG2/video/KUheeprr.dat | AY45: https://dfp529wcvahka.cloudfront.net/ws/GalleryEntry/ENaG2/video_preview/IMY7Bybh.png
A46: Gallery | B46: N/A | C46: ezQez | D46: N/A | E46: =C46 -> ezQez | F46: TRUE | G46: 99.4 | H46: =IF(G46=100,1,0) -> 0 | I46: 6727 | J46: win | L46: bridge | M46: 3 | N46: continuous | O46: fully_connected | P46: inverted_arch | Q46: s-shape | R46: arch | S46: - | T46: top_structure | U46: bottom_structure | V46: rock_structure | W46: other | Y46: terrain_brace | Z46: rock_brace | AA46: no | AB46: multiple_beams | AC46: wood | AD46: small | AE46: yes | AF46: no | AG46: yes | AH46: no | AI46: no | AJ46: road+support | AK46: road+support | AL46: support_only | AM46: no | AN46: no | AO46: wood | AP46: road | AQ46: no | AR46: yes | AS46: no | AT46: no | AU46: no_exploit | AV46: =IF(G46=100,"break", IF(J46="fail", "car_water", "no_fail")) -> no_fail | AX46: https://dfp529wcvahka.cloudfront.net/ws/GalleryEntry/ezQez/video/gEva98uO.dat | AY46: https://dfp529wcvahka.cloudfront.net/ws/GalleryEntry/ezQez/video_preview/zIT0gp4K.png
... A49: Gallery | B49: N/A | C49: j2DG5 | D49: N/A | E49: =C49 -> j2DG5 | F49: TRUE | G49: 100 | H49: =IF(G49=100,1,0) -> 1 | I49: 15033 | J49: fail | L49: bridge | M49: 3 | N49: continuous | O49: fully_connected | P49: inclined | Q49: declined | R49: - | S49: - | T49: top_structure | U49: bottom_structure | V49: rock_structure | W49: other | Y49: no_braces | Z49: no_braces | AA49: no | AB49: multiple_beams | AC49: multiple_materials | AD49: large | AE49: yes | AF49: no | AG49: yes | AH49: yes | AI49: no | AJ49: road+support | AK49: road+support | AL49: support_only | AM49: no | AN49: no | AO49: steel | AP49: road | AQ49: no | AR49: yes | AS49: no | AT49: no | AU49: no_exploit | AV49: =IF(G49=100,"break", IF(J49="fail", "car_water", "no_fail")) -> break | AX49: https://dfp529wcvahka.cloudfront.net/ws/GalleryEntry/j2DG5/video/sT9XOC6W.dat | AY49: https://dfp529wcvahka.cloudfront.net/ws/GalleryEntry/j2DG5/video_preview/2XmXCrTy.png
A50: Gallery | B50: N/A | C50: j2Q4e | D50: N/A | E50: =C50 -> j2Q4e | F50: TRUE | G50: 99.7 | H50: =IF(G50=100,1,0) -> 0 | I50: 7647 | J50: win | L50: bridge | M50: 3 | N50: continuous | O50: fully_connected | P50: straight | Q50: inclined | R50: declined | S50: - | T50: top_structure | U50: bottom_structure | V50: rock_structure | W50: standard_truss | X50: other | Y50: terrain_brace | Z50: no_braces | AA50: no | AB50: multiple_beams | AC50: wood | AD50: small | AE50: yes | AF50: no | AG50: yes | AH50: no | AI50: no | AJ50: road+support | AK50: road+support | AL50: support_only | AM50: no | AN50: no | AO50: wood | AP50: road | AQ50: no | AR50: yes | AS50: no | AT50: no | AU50: no_exploit | AV50: =IF(G50=100,"break", IF(J50="fail", "car_water", "no_fail")) -> no_fail | AX50: https://dfp529wcvahka.cloudfront.net/ws/GalleryEntry/j2Q4e/video/JuFdlM2x.dat | AY50: https://dfp529wcvahka.cloudfront.net/ws/GalleryEntry/j2Q4e/video_preview/vOmbZSGz.png
A51: Gallery | B51: N/A | C51: jedzJ | D51: N/A | E51: =C51 -> jedzJ | F51: TRUE | G51: 66 | H51: =IF(G51=100,1,0) -> 0 | I51: 10948 | J51: win | L51: bridge | M51: 3 | N51: continuous | O51: fully_connected | P51: inclined | Q51: arch | R51: declined | S51: - | T51: top_structure | U51: bottom_structure | V51: rock_structure | W51: arch_truss | Y51: no_braces | Z51: no_braces | AA51: no | AB51: multiple_beams | AC51: wood | AD51: large | AE51: yes | AF51: no | AG51: yes | AH51: no | AI51: no | AJ51: road+support | AK51: road+support | AL51: support_only | AM51: no | AN51: no | AO51: wood | AP51: road | AQ51: no | AR51: yes | AS51: no | AT51: no | AU51: no_exploit | AV51: =IF(G51=100,"break", IF(J51="fail", "car_water", "no_fail")) -> no_fail | AX51: https://dfp529wcvahka.cloudfront.net/ws/GalleryEntry/jedzJ/video/trxajcZz.dat | AY51: https://dfp529wcvahka.cloudfront.net/ws/GalleryEntry/jedzJ/video_preview/PfPGNfIa.png
A52: Gallery | B52: N/A | C52: jg255 | D52: N/A | E52: =C52 -> jg255 | F52: TRUE | G52: 57.6 | H52: =IF(G52=100,1,0) -> 0 | I52: 11940 | J52: win | L52: bridge | M52: 3 | N52: missing_section | O52: right | P52: inclined | Q52: straight | R52: - | S52: - | T52: top_structure | U52: no_structure | V52: rock_structure | W52: standard_truss | Y52: no_braces | Z52: no_braces | AA52: no | AB52: vertical_beam | AC52: steel | AD52: large | AE52: yes | AF52: no | AG52: yes | AH52: yes | AI52: no | AJ52: road+support | AK52: support_only | AL52: support_only | AM52: no | AN52: no | AO52: wood | AP52: road | AQ52: no | AR52: yes | AS52: no | AT52: no | AU52: no_exploit | AV52: =IF(G52=100,"break", IF(J52="fail", "car_water", "no_fail")) -> no_fail | AX52: https://dfp529wcvahka.cloudfront.net/ws/GalleryEntry/jg255/video/SmX7GwKR.dat | AY52: https://dfp529wcvahka.cloudfront.net/ws/GalleryEntry/jg255/video_preview/YFqoXeXi.png
A53: Gallery | B53: N/A | C53: K8d03 | D53: N/A | E53: =C53 -> K8d03 | F53: TRUE | G53: 99 | H53: =IF(G53=100,1,0) -> 0 | I53: 7742 | J53: win | L53: bridge | M53: 3 | N53: continuous | O53: fully_connected | P53: straight | Q53: platform | R53: - | S53: - | T53: top_structure | U53: no_structure | V53: rock_structure | W53: arch_truss | Y53: terrain_brace | Z53: no_braces | AA53: no | AB53: multiple_beams | AC53: wood | AD53: small | AE53: yes | AF53: no | AG53: yes | AH53: yes | AI53: no | AJ53: road+support | AK53: road_only | AL53: support_only | AM53: no | AN53: no | AO53: wood | AP53: road | AQ53: no | AR53: yes | AS53: no | AT53: no | AU53: no_exploit | AV53: =IF(G53=100,"break", IF(J53="fail", "car_water", "no_fail")) -> no_fail | AX53: https://dfp529wcvahka.cloudfront.net/ws/GalleryEntry/K8d03/video/3dldNGnf.dat | AY53: https://dfp529wcvahka.cloudfront.net/ws/GalleryEntry/K8d03/video_preview/kQkex4t3.png
A54: Gallery | B54: N/A | C54: klQQL | D54: N/A | E54: =C54 -> klQQL | F54: TRUE | G54: 86.1 | H54: =IF(G54=100,1,0) -> 0 | I54: 9627 | J54: win | L54: bridge | M54: 3 | N54: missing_section | O54: right_overhang | P54: inclined | Q54: straight | R54: - | S54: - | T54: top_structure | U54: no_structure | V54: rock_structure | W54: arch_truss | Y54: terrain_brace | Z54: no_braces | AA54: no | AB54: multiple_beams | AC54: steel | AD54: medium | AE54: yes | AF54: no | AG54: yes | AH54: yes | AI54: no | AJ54: road+support | AK54: support_only | AL54: support_only | AM54: no | AN54: no | AO54: wood | AP54: road | AQ54: no | AR54: yes | AS54: no | AT54: no | AU54: no_exploit | AV54: =IF(G54=100,"break", IF(J54="fail", "car_water", "no_fail")) -> no_fail | AX54: https://dfp529wcvahka.cloudfront.net/ws/GalleryEntry/klQQL/video/8htrNtBM.dat | AY54: https://dfp529wcvahka.cloudfront.net/ws/GalleryEntry/klQQL/video_preview/pPicDBWC.png
A55: Gallery | B55: N/A | C55: KvqzD | D55: N/A | E55: =C55 -> KvqzD | F55: TRUE | G55: 65 | H55: =IF(G55=100,1,0) -> 0 | I55: 14325 | J55: fail | L55: ramp | M55: 2 | N55: continuous | O55: fully_connected | P55: inclined | Q55: - | R55: - | S55: - | T55: no_structure | U55: bottom_structure | V55: rock_structure | W55: other_truss | Y55: no_braces | Z55: no_braces | AA55: no | AB55: multiple_beams | AC55: steel | AD55: large | AE55: no | AF55: yes | AG55: yes | AH55: yes | AI55: no | AJ55: road+support | AK55: no_connection | AL55: support_only | AM55: no | AN55: no | AO55: wood | AP55: reinforced_road | AQ55: no | AR55: yes | AS55: no | AT55: no | AU55: no_exploit | AV55: =IF(G55=100,"break", IF(J55="fail", "car_water", "no_fail")) -> car_water | AX55: https://dfp529wcvahka.cloudfront.net/ws/GalleryEntry/KvqzD/video/xAxOAEPY.dat | AY55: https://dfp529wcvahka.cloudfront.net/ws/GalleryEntry/KvqzD/video_preview/ZAF6eFqT.png
A56: Gallery | B56: N/A | C56: l2v13 | D56: N/A | E56: =C56 -> l2v13 | F56: TRUE | G56: 90.7 | H56: =IF(G56=100,1,0) -> 0 | I56: 9583 | J56: win | L56: bridge | M56: 3 | N56: continuous | O56: fully_connected | P56: inclined | Q56: arch | R56: - | S56: - | T56: top_structure | U56: no_structure | V56: rock_structure | W56: arch_truss | Y56: no_braces | Z56: no_braces | AA56: no | AB56: multiple_beams | AC56: wood | AD56: medium | AE56: yes | AF56: no | AG56: yes | AH56: no | AI56: no | AJ56: road+support | AK56: road+support | AL56: support_only | AM56: no | AN56: no | AO56: wood | AP56: road | AQ56: no | AR56: yes | AS56: double_structure | AT56: no | AU56: no_exploit | AV56: =IF(G56=100,"break", IF(J56="fail", "car_water", "no_fail")) -> no_fail | AX56: https://dfp529wcvahka.cloudfront.net/ws/GalleryEntry/l2v13/video/KBVz3iDY.dat | AY56: https://dfp529wcvahka.cloudfront.net/ws/GalleryEntry/l2v13/video_preview/hy622q3S.png
A57: Gallery | B57: N/A | C57: l5wPj | D57: N/A | E57: =C57 -> l5wPj | F57: TRUE | G57: 89 | H57: =IF(G57=100,1,0) -> 0 | I57: 9178 | J57: win | L57: bridge | M57: 3 | N57: continuous | O57: fully_connected | P57: arch | Q57: - | R57: - | S57: - | T57: top_structure | U57: bottom_structure | V57: rock_structure | W57: arch_truss | X57: other_truss | Y57: no_braces | Z57: no_braces | AA57: no | AB57: multiple_beams | AC57: wood | AD57: medium | AE57: yes | AF57: no | AG57: yes | AH57: no | AI57: no | AJ57: road+support | AK57: road+support | AL57: support_only | AM57: no | AN57: no | AO57: wood | AP57: road | AQ57: no | AR57: yes | AS57: no | AT57: no | AU57: no_exploit | AV57: =IF(G57=100,"break", IF(J57="fail", "car_water", "no_fail")) -> no_fail | AX57: https://dfp529wcvahka.cloudfront.net/ws/GalleryEntry/l5wPj/video/r3RIfJAs.dat | AY57: https://dfp529wcvahka.cloudfront.net/ws/GalleryEntry/l5wPj/video_preview/vafNTFJN.png
A58: Gallery | B58: N/A | C58: Lak8z | D58: N/A | E58: =C58 -> Lak8z | F58: TRUE | G58: 97.8 | H58: =IF(G58=100,1,0) -> 0 | I58: 7690 | J58: win | L58: bridge | M58: 3 | N58: continuous | O58: fully_connected | P58: inclined | Q58: arch | R58: declined | S58: - | T58: top_structure | U58: bottom_structure | V58: rock_structure | W58: standard_truss | Y58: terrain_brace | Z58: no_braces | AA58: no | AB58: multiple_beams | AC58: wood | AD58: medium | AE58: yes | AF58: no | AG58: yes | AH58: no | AI58: no | AJ58: road+support | AK58: road+support | AL58: support_only | AM58: no | AN58: no | AO58: wood | AP58: road | AQ58: no | AR58: yes | AS58: no | AT58: no | AU58: no_exploit | AV58: =IF(G58=100,"break", IF(J58="fail", "car_water", "no_fail")) -> no_fail | AX58: https://dfp529wcvahka.cloudfront.net/ws/GalleryEntry/Lak8z/video/QLRZ2sx8.dat | AY58: https://dfp529wcvahka.cloudfront.net/ws/GalleryEntry/Lak8z/video_preview/FgFkid4f.png
A59: Gallery | B59: N/A | C59: Lgzg6 | D59: N/A | E59: =C59 -> Lgzg6 | F59: TRUE | G59: 100 | H59: =IF(G59=100,1,0) -> 1 | I59: 17232 | J59: win | L59: bridge | M59: 3 | N59: continuous | O59: right_overhang | P59: straight | Q59: inclined | R59: - | S59: - | T59: top_structure | U59: no_structure | V59: rock_structure | W59: square_truss | Y59: terrain_brace | Z59: no_braces | AA59: no | AB59: multiple_beams | AC59: steel | AD59: large | AE59: yes | AF59: no | AG59: yes | AH59: yes | AI59: no | AJ59: road+support | AK59: support_only | AL59: support_only | AM59: no | AN59: no | AO59: wood | AP59: road | AQ59: no | AR59: yes | AS59: no | AT59: no | AU59: no_exploit | AV59: =IF(G59=100,"break", IF(J59="fail", "car_water", "no_fail")) -> break | AX59: https://dfp529wcvahka.cloudfront.net/ws/GalleryEntry/Lgzg6/video/D8D2T7sc.dat | AY59: https://dfp529wcvahka.cloudfront.net/ws/GalleryEntry/Lgzg6/video_preview/qmliG9ng.png
A60: Gallery | B60: N/A | C60: LNaRw | D60: N/A | E60: =C60 -> LNaRw | F60: TRUE | G60: 76.2 | H60: =IF(G60=100,1,0) -> 0 | I60: 14998 | J60: win | L60: bridge | M60: 3 | N60: continuous | O60: right_overhang | P60: declined | Q60: inclined | R60: arch | S60: straight | T60: top_structure | U60: bottom_structure | V60: rock_structure | W60: standard_truss | Y60: no_braces | Z60: no_braces | AA60: no | AB60: vertical_beam | AC60: wood | AD60: medium | AE60: yes | AF60: no | AG60: yes | AH60: yes | AI60: no | AJ60: road+support | AK60: support_only | AL60: support_only | AM60: no | AN60: no | AO60: wood | AP60: road | AQ60: no | AR60: yes | AS60: no | AT60: no | AU60: no_exploit | AV60: =IF(G60=100,"break", IF(J60="fail", "car_water", "no_fail")) -> no_fail | AX60: https://dfp529wcvahka.cloudfront.net/ws/GalleryEntry/LNaRw/video/1RPJkHoy.dat | AY60: https://dfp529wcvahka.cloudfront.net/ws/GalleryEntry/LNaRw/video_preview/aoVyXt99.png
A61: Gallery | B61: N/A | C61: M5o9X | D61: N/A | E61: =C61 -> M5o9X | F61: TRUE | G61: 99.5 | H61: =IF(G61=100,1,0) -> 0 | I61: 8082 | J61: win | L61: bridge | M61: 3 | N61: continuous | O61: fully_connected | P61: inclined | Q61: declined | R61: - | S61: - | T61: top_structure | U61: no_structure | V61: rock_structure | W61: arch_truss | Y61: terrain_brace | Z61: no_braces | AA61: no | AB61: multiple_beams | AC61: multiple_materials | AD61: small | AE61: yes | AF61: no | AG61: yes | AH61: yes | AI61: no | AJ61: road+support | AK61: road+support | AL61: support_only | AM61: no | AN61: no | AO61: wood | AP61: road | AQ61: no | AR61: yes | AS61: no | AT61: no | AU61: no_exploit | AV61: =IF(G61=100,"break", IF(J61="fail", "car_water", "no_fail")) -> no_fail | AX61: https://dfp529wcvahka.cloudfront.net/ws/GalleryEntry/M5o9X/video/2hbsCuxW.dat | AY61: https://dfp529wcvahka.cloudfront.net/ws/GalleryEntry/M5o9X/video_preview/AGdPEWQW.png
A62: Gallery | B62: N/A | C62: mKK82 | D62: N/A | E62: =C62 -> mKK82 | F62: TRUE | G62: 93 | H62: =IF(G62=100,1,0) -> 0 | I62: 8218 | J62: win | L62: bridge | M62: 3 | N62: continuous | O62: fully_connected | P62: inclined | Q62: platform | R62: declined | S62: - | T62: top_structure | U62: bottom_structure | V62: rock_structure | W62: standard_truss | Y62: no_braces | Z62: no_braces | AA62: no | AB62: vertical_beam | AC62: wood | AD62: medium | AE62: yes | AF62: no | AG62: yes | AH62: no | AI62: no | AJ62: road+support | AK62: road+support | AL62: support_only | AM62: no | AN62: no | AO62: wood | AP62: road | AQ62: no | AR62: yes | AS62: no | AT62: no | AU62: no_exploit | AV62: =IF(G62=100,"break", IF(J62="fail", "car_water", "no_fail")) -> no_fail | AX62: https://dfp529wcvahka.cloudfront.net/ws/GalleryEntry/mKK82/video/F6yQcdWQ.dat | AY62: https://dfp529wcvahka.cloudfront.net/ws/GalleryEntry/mKK82/video_preview/66RMKW5P.png
A63: Gallery | B63: N/A | C63: MmNJ9 | D63: N/A | E63: =C63 -> MmNJ9 | F63: TRUE | G63: 71.9 | H63: =IF(G63=100,1,0) -> 0 | I63: 8889 | J63: win | L63: bridge | M63: 3 | N63: continuous | O63: fully_connected | P63: straight | Q63: arch | R63: - | S63: - | T63: top_structure | U63: no_structure | V63: rock_structure | W63: standard_truss | X63: arch_truss | Y63: no_braces | Z63: no_braces | AA63: no | AB63: multiple_beams | AC63: multiple_materials | AD63: medium | AE63: yes | AF63: no | AG63: yes | AH63: yes | AI63: no | AJ63: road+support | AK63: road+support | AL63: support_only | AM63: no | AN63: no | AO63: wood | AP63: road | AQ63: no | AR63: yes | AS63: no | AT63: no | AU63: no_exploit | AV63: =IF(G63=100,"break", IF(J63="fail", "car_water", "no_fail")) -> no_fail | AX63: https://dfp529wcvahka.cloudfront.net/ws/GalleryEntry/MmNJ9/video/OepU2HRN.dat | AY63: https://dfp529wcvahka.cloudfront.net/ws/GalleryEntry/MmNJ9/video_preview/BPSf7uzq.png
A64: Gallery | B64: N/A | C64: MmXa9 | D64: N/A | E64: =C64 -> MmXa9 | F64: TRUE | G64: 55.4 | H64: =IF(G64=100,1,0) -> 0 | I64: 14983 | J64: win | L64: bridge | M64: 3 | N64: continuous | O64: right_overhang | P64: inclined | Q64: straight | R64: - | S64: - | T64: top_structure | U64: no_structure | V64: rock_structure | W64: standard_truss | Y64: no_braces | Z64: no_braces | AA64: no | AB64: vertical_beam | AC64: steel | AD64: large | AE64: yes | AF64: yes | AG64: yes | AH64: yes | AI64: no | AJ64: road+support | AK64: support_only | AL64: support_only | AM64: no | AN64: no | AO64: wood | AP64: road | AQ64: no | AR64: yes | AS64: no | AT64: no | AU64: no_exploit | AV64: =IF(G64=100,"break", IF(J64="fail", "car_water", "no_fail")) -> no_fail | AX64: https://dfp529wcvahka.cloudfront.net/ws/GalleryEntry/MmXa9/video/jg4DIffY.dat | AY64: https://dfp529wcvahka.cloudfront.net/ws/GalleryEntry/MmXa9/video_preview/J6SnZolv.png
A65: Gallery | B65: N/A | C65: n9w59 | D65: N/A | E65: =C65 -> n9w59 | F65: TRUE | G65: 55.09 | H65: =IF(G65=100,1,0) -> 0 | I65: 14206 | J65: win | L65: bridge | M65: 3 | N65: continuous | O65: fully_connected | P65: arch | Q65: - | R65: - | S65: - | T65: top_structure | U65: no_structure | V65: rock_structure | W65: standard_truss | Y65: no_braces | Z65: no_braces | AA65: no | AB65: multiple_beams | AC65: steel | AD65: medium | AE65: no | AF65: yes | AG65: yes | AH65: yes | AI65: no | AJ65: road+support | AK65: road+support | AL65: support_only | AM65: no | AN65: no | AO65: wood | AP65: reinforced_road | AQ65: no | AR65: yes | AS65: no | AT65: no | AU65: no_exploit | AV65: =IF(G65=100,"break", IF(J65="fail", "car_water", "no_fail")) -> no_fail | AX65: https://dfp529wcvahka.cloudfront.net/ws/GalleryEntry/n9w59/video/3MHourYG.dat | AY65: https://dfp529wcvahka.cloudfront.net/ws/GalleryEntry/n9w59/video_preview/nXjmRj3z.png
A66: Gallery | B66: N/A | C66: nR3De | D66: N/A | E66: =C66 -> nR3De | F66: TRUE | G66: 88.94 | H66: =IF(G66=100,1,0) -> 0 | I66: 8381 | J66: win | L66: bridge | M66: 3 | N66: missing_section | O66: right | P66: straight | Q66: inclined | R66: - | S66: - | T66: top_structure | U66: no_structure | V66: rock_structure | W66: arch_truss | Y66: terrain_brace | Z66: no_braces | AA66: no | AB66: vertical_beam | AC66: wood | AD66: medium | AE66: yes | AF66: no | AG66: yes | AH66: no | AI66: no | AJ66: road+support | AK66: support_only | AL66: support_only | AM66: no | AN66: no | AO66: wood | AP66: road | AQ66: no | AR66: yes | AS66: no | AT66: no | AU66: no_exploit | AV66: =IF(G66=100,"break", IF(J66="fail", "car_water", "no_fail")) -> no_fail | AX66: https://dfp529wcvahka.cloudfront.net/ws/GalleryEntry/nR3De/video/4oPM2uol.dat | AY66: https://dfp529wcvahka.cloudfront.net/ws/GalleryEntry/nR3De/video_preview/LyHFxvwa.png
A67: Gallery | B67: N/A | C67: OB5yR | D67: N/A | E67: =C67 -> OB5yR | F67: TRUE | G67: 91.7 | H67: =IF(G67=100,1,0) -> 0 | I67: 8734 | J67: win | L67: bridge | M67: 3 | N67: continuous | O67: fully_connected | P67: arch | Q67: straight | R67: - | S67: - | T67: top_structure | U67: bottom_structure | V67: rock_structure | W67: standard_truss | X67: other_truss | Y67: no_braces | Z67: no_braces | AA67: no | AB67: multiple_beams | AC67: wood | AD67: small | AE67: yes | AF67: no | AG67: yes | AH67: no | AI67: no | AJ67: road+support | AK67: road+support | AL67: support_only | AM67: no | AN67: no | AO67: wood | AP67: road | AQ67: no | AR67: yes | AS67: no | AT67: no | AU67: no_exploit | AV67: =IF(G67=100,"break", IF(J67="fail", "car_water", "no_fail")) -> no_fail | AX67: https://dfp529wcvahka.cloudfront.net/ws/GalleryEntry/OB5yR/video/jBKpO5Px.dat | AY67: https://dfp529wcvahka.cloudfront.net/ws/GalleryEntry/OB5yR/video_preview/DHAIzxft.png
A68: Gallery | B68: N/A | C68: OBXYa | D68: N/A | E68: =C68 -> OBXYa | F68: TRUE | G68: 100 | H68: =IF(G68=100,1,0) -> 1 | I68: 14194 | J68: win | L68: bridge | M68: 3 | N68: continuous | O68: fully_connected | P68: inverted_arch | Q68: ramp | R68: arch | S68: - | T68: top_structure | U68: bottom_structure | V68: rock_structure | W68: standard_truss | X68: other | Y68: rock_brace | Z68: no_braces | AA68: no | AB68: multiple_beams | AC68: multiple_materials | AD68: medium | AE68: yes | AF68: no | AG68: yes | AH68: yes | AI68: no | AJ68: road+support | AK68: road+support | AL68: support_only | AM68: no | AN68: no | AO68: steel | AP68: road | AQ68: no | AR68: yes | AS68: no | AT68: no | AU68: no_exploit | AV68: =IF(G68=100,"break", IF(J68="fail", "car_water", "no_fail")) -> break | AX68: https://dfp529wcvahka.cloudfront.net/ws/GalleryEntry/OBXYa/video/mOB9zwkb.dat | AY68: https://dfp529wcvahka.cloudfront.net/ws/GalleryEntry/OBXYa/video_preview/UjfHTx35.png
A69: Gallery | B69: N/A | C69: orZDj | D69: N/A | E69: =C69 -> orZDj | F69: TRUE | G69: 99.4 | H69: =IF(G69=100,1,0) -> 0 | I69: 6465 | J69: win | L69: bridge | M69: 3 | N69: continuous | O69: fully_connected | P69: inclined | Q69: declined | R69: arch | S69: - | T69: top_structure | U69: no_structure | V69: rock_structure | W69: standard_truss | Y69: terrain_brace | Z69: no_braces | AA69: yes | AB69: multiple_beams | AC69: wood | AD69: small | AE69: yes | AF69: yes | AG69: yes | AH69: no | AI69: no | AJ69: road+support | AK69: road+support | AL69: support_only | AM69: no | AN69: no | AO69: wood | AP69: road | AQ69: no | AR69: yes | AS69: no | AT69: no | AU69: no_exploit | AV69: =IF(G69=100,"break", IF(J69="fail", "car_water", "no_fail")) -> no_fail | AX69: https://dfp529wcvahka.cloudfront.net/ws/GalleryEntry/orZDj/video/XQ61wITx.dat | AY69: https://dfp529wcvahka.cloudfront.net/ws/GalleryEntry/orZDj/video_preview/zHxMQYjH.png
A70: Gallery | B70: N/A | C70: paq0d | D70: N/A | E70: =C70 -> paq0d | F70: TRUE | G70: 69.5 | H70: =IF(G70=100,1,0) -> 0 | I70: 11299 | J70: win | L70: bridge | M70: 3 | N70: continuous | O70: fully_connected | P70: inclined | Q70: arch | R70: - | S70: - | T70: top_structure | U70: no_structure | V70: rock_structure | W70: standard_truss | Y70: no_braces | Z70: no_braces | AA70: no | AB70: multiple_beams | AC70: wood | AD70: medium | AE70: yes | AF70: no | AG70: yes | AH70: no | AI70: no | AJ70: road+support | AK70: road+support | AL70: support_only | AM70: no | AN70: no | AO70: wood | AP70: road | AQ70: no | AR70: yes | AS70: no | AT70: no | AU70: no_exploit | AV70: =IF(G70=100,"break", IF(J70="fail", "car_water", "no_fail")) -> no_fail | AX70: https://dfp529wcvahka.cloudfront.net/ws/GalleryEntry/paq0d/video/EzEq67AD.dat | AY70: https://dfp529wcvahka.cloudfront.net/ws/GalleryEntry/paq0d/video_preview/nKcNkO30.png
A71: Gallery | B71: N/A | C71: paQa5 | D71: N/A | E71: =C71 -> paQa5 | F71: TRUE | G71: 62.5 | H71: =IF(G71=100,1,0) -> 0 | I71: 18643 | J71: win | L71: bridge | M71: 3 | N71: continuous | O71: fully_connected | P71: straight | Q71: arch | R71: - | S71: - | T71: no_structure | U71: bottom_structure | V71: rock_structure | W71: standard_truss | Y71: no_braces | Z71: no_braces | AA71: no | AB71: multiple_beams | AC71: steel | AD71: medium | AE71: no | AF71: yes | AG71: yes | AH71: yes | AI71: no | AJ71: road+support | AK71: road+support | AL71: support_only | AM71: no | AN71: no | AO71: steel | AP71: reinforced_road | AQ71: steel_diamond | AR71: yes | AS71: no | AT71: no | AU71: no_exploit | AV71: =IF(G71=100,"break", IF(J71="fail", "car_water", "no_fail")) -> no_fail | AX71: https://dfp529wcvahka.cloudfront.net/ws/GalleryEntry/paQa5/video/I26cLGym.dat | AY71: https://dfp529wcvahka.cloudfront.net/ws/GalleryEntry/paQa5/video_preview/bHrqscfU.png
A72: Gallery | B72: N/A | C72: pazDd | D72: N/A | E72: =C72 -> pazDd | F72: TRUE | G72: 97.1 | H72: =IF(G72=100,1,0) -> 0 | I72: 7230 | J72: win | L72: bridge | M72: 3 | N72: continuous | O72: fully_connected | P72: straight | Q72: inclined | R72: arch | S72: - | T72: top_structure | U72: bottom_structure | V72: rock_structure | W72: arch_truss | Y72: terrain_brace | Z72: no_braces | AA72: no | AB72: multiple_beams | AC72: wood | AD72: small | AE72: yes | AF72: no | AG72: yes | AH72: no | AI72: no | AJ72: road+support | AK72: road+support | AL72: support_only | AM72: no | AN72: no | AO72: wood | AP72: road | AQ72: no | AR72: yes | AS72: no | AT72: no | AU72: no_exploit | AV72: =IF(G72=100,"break", IF(J72="fail", "car_water", "no_fail")) -> no_fail | AX72: https://dfp529wcvahka.cloudfront.net/ws/GalleryEntry/pazDd/video/OxF0w2F5.dat | AY72: https://dfp529wcvahka.cloudfront.net/ws/GalleryEntry/pazDd/video_preview/hga3leHo.png
A73: Gallery | B73: N/A | C73: Pl8wY | D73: N/A | E73: =C73 -> Pl8wY | F73: TRUE | G73: 98.4 | H73: =IF(G73=100,1,0) -> 0 | I73: 8820 | J73: win | L73: bridge | M73: 3 | N73: continuous | O73: fully_connected | P73: straight | Q73: arch | R73: - | S73: - | T73: top_structure | U73: bottom_structure | V73: rock_structure | W73: standard_truss | X73: other | Y73: terrain_brace | Z73: no_braces | AA73: no | AB73: diamond | AC73: wood | AD73: small | AE73: yes | AF73: no | AG73: yes | AH73: no | AI73: no | AJ73: road+support | AK73: road+support | AL73: support_only | AM73: no | AN73: no | AO73: wood | AP73: road | AQ73: wood_diamond | AR73: yes | AS73: no | AT73: no | AU73: no_exploit | AV73: =IF(G73=100,"break", IF(J73="fail", "car_water", "no_fail")) -> no_fail | AX73: https://dfp529wcvahka.cloudfront.net/ws/GalleryEntry/Pl8wY/video/p7zjsUL4.dat | AY73: https://dfp529wcvahka.cloudfront.net/ws/GalleryEntry/Pl8wY/video_preview/qHCDG7T1.png
A74: Gallery | B74: N/A | C74: pQ58d | D74: N/A | E74: =C74 -> pQ58d | F74: TRUE | G74: 95.6 | H74: =IF(G74=100,1,0) -> 0 | I74: 9288 | J74: win | L74: bridge | M74: 3 | N74: continuous | O74: fully_connected | P74: straight | Q74: s-shape | R74: arch | S74: - | T74: top_structure | U74: no_structure | V74: rock_structure | W74: arch_truss | Y74: no_braces | Z74: no_braces | AA74: no | AB74: vertical_beam | AC74: wood | AD74: medium | AE74: yes | AF74: no | AG74: yes | AH74: no | AI74: no | AJ74: road+support | AK74: road+support | AL74: support_only | AM74: no | AN74: no | AO74: wood | AP74: road | AQ74: no | AR74: yes | AS74: no | AT74: no | AU74: no_exploit | AV74: =IF(G74=100,"break", IF(J74="fail", "car_water", "no_fail")) -> no_fail | AX74: https://dfp529wcvahka.cloudfront.net/ws/GalleryEntry/pQ58d/video/TXCwxBPy.dat | AY74: https://dfp529wcvahka.cloudfront.net/ws/GalleryEntry/pQ58d/video_preview/504rYx50.png
A75: Gallery | B75: N/A | C75: q7BeJ | D75: N/A | E75: =C75 -> q7BeJ | F75: TRUE | G75: 99.8 | H75: =IF(G75=100,1,0) -> 0 | I75: 6949 | J75: win | L75: bridge | M75: 3 | N75: continuous | O75: fully_connected | P75: inclined | Q75: declined | R75: - | S75: - | T75: top_structure | U75: bottom_structure | V75: rock_structure | W75: other | Y75: terrain_brace | Z75: no_braces | AA75: no | AB75: multiple_beams | AC75: wood | AD75: small | AE75: yes | AF75: no | AG75: yes | AH75: no | AI75: no | AJ75: road+support | AK75: road+support | AL75: support_only | AM75: no | AN75: no | AO75: wood | AP75: road | AQ75: no | AR75: yes | AS75: no | AT75: no | AU75: no_exploit | AV75: =IF(G75=100,"break", IF(J75="fail", "car_water", "no_fail")) -> no_fail | AX75: https://dfp529wcvahka.cloudfront.net/ws/GalleryEntry/q7BeJ/video/c5muUY0Z.dat | AY75: https://dfp529wcvahka.cloudfront.net/ws/GalleryEntry/q7BeJ/video_preview/BYKYfxae.png
A76: Gallery | B76: N/A | C76: qeG7o | D76: N/A | E76: =C76 -> qeG7o | F76: TRUE | G76: 96.7 | H76: =IF(G76=100,1,0) -> 0 | I76: 8445 | J76: win | L76: bridge | M76: 3 | N76: continuous | O76: fully_connected | P76: straight | Q76: arch | R76: - | S76: - | T76: top_structure | U76: bottom_structure | V76: rock_structure | W76: arch_truss | Y76: no_braces | Z76: no_braces | AA76: no | AB76: diamond | AC76: wood | AD76: small | AE76: yes | AF76: no | AG76: yes | AH76: no | AI76: no | AJ76: road+support | AK76: road+support | AL76: support_only | AM76: no | AN76: no | AO76: wood | AP76: road | AQ76: wood_diamond | AR76: yes | AS76: no | AT76: no | AU76: no_exploit | AV76: =IF(G76=100,"break", IF(J76="fail", "car_water", "no_fail")) -> no_fail | AX76: https://dfp529wcvahka.cloudfront.net/ws/GalleryEntry/qeG7o/video/fRFolIPp.dat | AY76: https://dfp529wcvahka.cloudfront.net/ws/GalleryEntry/qeG7o/video_preview/Tr1Jo7oj.png
A77: Gallery | B77: N/A | C77: QlJOY | D77: N/A | E77: =C77 -> QlJOY | F77: TRUE | G77: 93.7 | H77: =IF(G77=100,1,0) -> 0 | I77: 7279 | J77: win | L77: bridge | M77: 3 | N77: missing_section | O77: right | P77: inclined | Q77: - | R77: - | S77: - | T77: no_structure | U77: bottom_structure | V77: rock_structure | W77: other_truss | Y77: no_braces | Z77: no_braces | AA77: no | AB77: multiple_beams | AC77: wood | AD77: medium | AE77: yes | AF77: no | AG77: yes | AH77: no | AI77: no | AJ77: road_only | AK77: support_only | AL77: support_only | AM77: no | AN77: no | AO77: wood | AP77: road | AQ77: no | AR77: yes | AS77: no | AT77: no | AU77: no_exploit | AV77: =IF(G77=100,"break", IF(J77="fail", "car_water", "no_fail")) -> no_fail | AX77: https://dfp529wcvahka.cloudfront.net/ws/GalleryEntry/QlJOY/video/ZFbvmwbS.dat | AY77: https://dfp529wcvahka.cloudfront.net/ws/GalleryEntry/QlJOY/video_preview/pwo5OjTA.png
A78: Gallery | B78: N/A | C78: qYMZl | D78: N/A | E78: =C78 -> qYMZl | F78: TRUE | G78: 78.3 | H78: =IF(G78=100,1,0) -> 0 | I78: 14761 | J78: win | L78: bridge | M78: 3 | N78: continuous | O78: fully_connected | P78: declined | Q78: inclined | R78: arch | S78: - | T78: top_structure | U78: bottom_structure | V78: rock_structure | W78: standard_truss | Y78: no_braces | Z78: no_braces | AA78: no | AB78: vertical_beam | AC78: wood | AD78: large | AE78: yes | AF78: no | AG78: yes | AH78: yes | AI78: no | AJ78: road+support | AK78: road+support | AL78: road+support | AM78: no | AN78: no | AO78: steel | AP78: road | AQ78: no | AR78: yes | AS78: no | AT78: no | AU78: no_exploit | AV78: =IF(G78=100,"break", IF(J78="fail", "car_water", "no_fail")) -> no_fail | AX78: https://dfp529wcvahka.cloudfront.net/ws/GalleryEntry/qYMZl/video/NfgzORhn.dat | AY78: https://dfp529wcvahka.cloudfront.net/ws/GalleryEntry/qYMZl/video_preview/BsUApPxJ.png
A79: Gallery | B79: N/A | C79: R5eOr | D79: N/A | E79: =C79 -> R5eOr | F79: TRUE | G79: 100 | H79: =IF(G79=100,1,0) -> 1 | I79: 14716 | J79: fail | L79: bridge | M79: 3 | N79: missing_section | O79: right | P79: inverted_arch | Q79: ramp | R79: straight | S79: - | T79: top_structure | U79: bottom_structure | V79: rock_structure | W79: other | Y79: terrain_brace | Z79: no_braces | AA79: no | AB79: multiple_beams | AC79: multiple_materials | AD79: medium | AE79: no | AF79: yes | AG79: yes | AH79: yes | AI79: no | AJ79: road+support | AK79: support_only | AL79: support_only | AM79: no | AN79: no | AO79: wood | AP79: reinforced_road | AQ79: no | AR79: yes | AS79: no | AT79: no | AU79: no_exploit | AV79: =IF(G79=100,"break", IF(J79="fail", "car_water", "no_fail")) -> break | AX79: https://dfp529wcvahka.cloudfront.net/ws/GalleryEntry/R5eOr/video/zew8EJNt.dat | AY79: https://dfp529wcvahka.cloudfront.net/ws/GalleryEntry/R5eOr/video_preview/m18GdnYp.png
A80: Gallery | B80: N/A | C80: rdDr4 | D80: N/A | E80: =C80 -> rdDr4 | F80: TRUE | G80: 93 | H80: =IF(G80=100,1,0) -> 0 | I80: 14246 | J80: win | L80: bridge | M80: 3 | N80: missing_section | O80: multiple | P80: straight | Q80: s-shape | R80: - | S80: - | T80: top_structure | U80: no_structure | V80: rock_structure | W80: a-truss | Y80: no_braces | Z80: no_braces | AA80: no | AB80: multiple_beams | AC80: steel | AD80: medium | AE80: yes | AF80: no | AG80: yes | AH80: yes | AI80: no | AJ80: road+support | AK80: support_only | AL80: support_only | AM80: no | AN80: no | AO80: steel | AP80: road | AQ80: no | AR80: yes | AS80: no | AT80: no | AU80: no_exploit | AV80: =IF(G80=100,"break", IF(J80="fail", "car_water", "no_fail")) -> no_fail | AX80: https://dfp529wcvahka.cloudfront.net/ws/GalleryEntry/rdDr4/video/HipuMIn1.dat | AY80: https://dfp529wcvahka.cloudfront.net/ws/GalleryEntry/rdDr4/video_preview/SB1oz9fS.png
A81: Gallery | B81: N/A | C81: rlaqJ | D81: N/A | E81: =C81 -> rlaqJ | F81: TRUE | G81: 68.4 | H81: =IF(G81=100,1,0) -> 0 | I81: 11067 | J81: win | L81: bridge | M81: 3 | N81: continuous | O81: fully_connected | P81: straight | Q81: inclined | R81: declined | S81: - | T81: top_structure | U81: no_structure | V81: rock_structure | W81: standard_truss | Y81: no_braces | Z81: no_braces | AA81: no | AB81: vertical_beam | AC81: steel | AD81: large | AE81: yes | AF81: no | AG81: yes | AH81: yes | AI81: no | AJ81: road+support | AK81: road+support | AL81: support_only | AM81: no | AN81: no | AO81: wood | AP81: road | AQ81: no | AR81: yes | AS81: no | AT81: no | AU81: no_exploit | AV81: =IF(G81=100,"break", IF(J81="fail", "car_water", "no_fail")) -> no_fail | AX81: https://dfp529wcvahka.cloudfront.net/ws/GalleryEntry/rlaqJ/video/PaF150Sy.dat | AY81: https://dfp529wcvahka.cloudfront.net/ws/GalleryEntry/rlaqJ/video_preview/qunlw1uv.png
A82: Gallery | B82: N/A | C82: rlXM4 | D82: N/A | E82: =C82 -> rlXM4 | F82: TRUE | G82: 99.6 | H82: =IF(G82=100,1,0) -> 0 | I82: 10000 | J82: win | L82: bridge | M82: 3 | N82: continuous | O82: fully_connected | P82: arch | Q82: - | R82: - | S82: - | T82: top_structure | U82: bottom_structure | V82: rock_structure | W82: arch_truss | Y82: no_braces | Z82: no_braces | AA82: no | AB82: multiple_beams | AC82: wood | AD82: small | AE82: yes | AF82: no | AG82: yes | AH82: no | AI82: no | AJ82: road+support | AK82: road+support | AL82: support_only | AM82: no | AN82: no | AO82: wood | AP82: road | AQ82: wood_diamond | AR82: yes | AS82: no | AT82: no | AU82: no_exploit | AV82: =IF(G82=100,"break", IF(J82="fail", "car_water", "no_fail")) -> no_fail | AX82: https://dfp529wcvahka.cloudfront.net/ws/GalleryEntry/rlXM4/video/oOlzpoYl.dat | AY82: https://dfp529wcvahka.cloudfront.net/ws/GalleryEntry/rlXM4/video_preview/KYGkNQvv.png
A83: Gallery | B83: N/A | C83: RM2Yx | D83: N/A | E83: =C83 -> RM2Yx | F83: TRUE | G83: 97.4 | H83: =IF(G83=100,1,0) -> 0 | I83: 9170 | J83: win | L83: bridge | M83: 3 | N83: continuous | O83: fully_connected | P83: arch | Q83: - | R83: - | S83: - | T83: top_structure | U83: bottom_structure | V83: rock_structure | W83: standard_truss | X83: other_truss | Y83: terrain_brace | Z83: no_braces | AA83: no | AB83: multiple_beams | AC83: wood | AD83: small | AE83: yes | AF83: no | AG83: yes | AH83: no | AI83: no | AJ83: road+support | AK83: road+support | AL83: support_only | AM83: no | AN83: no | AO83: wood | AP83: road | AQ83: no | AR83: yes | AS83: no | AT83: no | AU83: no_exploit | AV83: =IF(G83=100,"break", IF(J83="fail", "car_water", "no_fail")) -> no_fail | AX83: https://dfp529wcvahka.cloudfront.net/ws/GalleryEntry/RM2Yx/video/YVKkHbIe.dat | AY83: https://dfp529wcvahka.cloudfront.net/ws/GalleryEntry/RM2Yx/video_preview/vmrKLPdE.png
A84: Gallery | B84: N/A | C84: RME97 | D84: N/A | E84: =C84 -> RME97 | F84: TRUE | G84: 92.7 | H84: =IF(G84=100,1,0) -> 0 | I84: 7320 | J84: win | L84: bridge | M84: 3 | N84: continuous | O84: fully_connected | P84: ramp | Q84: arch | R84: - | S84: - | T84: top_structure | U84: no_structure | V84: rock_structure | W84: other | Y84: terrain_brace | Z84: no_braces | AA84: no | AB84: multiple_beams | AC84: wood | AD84: small | AE84: yes | AF84: no | AG84: yes | AH84: yes | AI84: no | AJ84: road+support | AK84: road+support | AL84: support_only | AM84: no | AN84: no | AO84: wood | AP84: road | AQ84: no | AR84: yes | AS84: no | AT84: no | AU84: no_exploit | AV84: =IF(G84=100,"break", IF(J84="fail", "car_water", "no_fail")) -> no_fail | AX84: https://dfp529wcvahka.cloudfront.net/ws/GalleryEntry/RME97/video/hdUZfOam.dat | AY84: https://dfp529wcvahka.cloudfront.net/ws/GalleryEntry/RME97/video_preview/WedgygwJ.png
A85: Gallery | B85: N/A | C85: RMlR7 | D85: N/A | E85: =C85 -> RMlR7 | F85: TRUE | G85: 95.8 | H85: =IF(G85=100,1,0) -> 0 | I85: 8723 | J85: win | L85: bridge | M85: 3 | N85: continuous | O85: fully_connected | P85: inclined | Q85: straight | R85: declined | S85: - | T85: top_structure | U85: bottom_structure | V85: rock_structure | W85: standard_truss | Y85: terrain_brace | Z85: no_braces | AA85: no | AB85: multiple_beams | AC85: wood | AD85: small | AE85: yes | AF85: no | AG85: yes | AH85: no | AI85: no | AJ85: road+support | AK85: road+support | AL85: support_only | AM85: no | AN85: no | AO85: wood | AP85: road | AQ85: no | AR85: yes | AS85: no | AT85: no | AU85: no_exploit | AV85: =IF(G85=100,"break", IF(J85="fail", "car_water", "no_fail")) -> no_fail | AX85: https://dfp529wcvahka.cloudfront.net/ws/GalleryEntry/RMlR7/video/RGppCLXG.dat | AY85: https://dfp529wcvahka.cloudfront.net/ws/GalleryEntry/RMlR7/video_preview/dh8NAy9J.png
A86: Gallery | B86: N/A | C86: RR1k2 | D86: N/A | E86: =C86 -> RR1k2 | F86: TRUE | G86: 90.4 | H86: =IF(G86=100,1,0) -> 0 | I86: 8807 | J86: win | L86: bridge | M86: 3 | N86: continuous | O86: fully_connected | P86: inclined | Q86: arch | R86: - | S86: - | T86: top_structure | U86: bottom_structure | V86: rock_structure | W86: standard_truss | X86: other_truss | Y86: terrain_brace | Z86: no_braces | AA86: no | AB86: multiple_beams | AC86: wood | AD86: small | AE86: yes | AF86: no | AG86: yes | AH86: no | AI86: no | AJ86: road+support | AK86: road+support | AL86: support_only | AM86: no | AN86: no | AO86: wood | AP86: road | AQ86: no | AR86: yes | AS86: no | AT86: no | AU86: no_exploit | AV86: =IF(G86=100,"break", IF(J86="fail", "car_water", "no_fail")) -> no_fail | AX86: https://dfp529wcvahka.cloudfront.net/ws/GalleryEntry/RR1k2/video/0qmgQrEK.dat | AY86: https://dfp529wcvahka.cloudfront.net/ws/GalleryEntry/RR1k2/video_preview/CcWzfmSj.png
A87: Gallery | B87: N/A | C87: v8Mpa | D87: N/A | E87: =C87 -> v8Mpa | F87: TRUE | G87: 98.3 | H87: =IF(G87=100,1,0) -> 0 | I87: 7868 | J87: win | L87: bridge | M87: 3 | N87: continuous | O87: fully_connected | P87: inclined | Q87: arch | R87: - | S87: - | T87: top_structure | U87: bottom_structure | V87: rock_structure | W87: arch_truss | X87: other_truss | Y87: no_braces | Z87: no_braces | AA87: no | AB87: multiple_beams | AC87: wood | AD87: small | AE87: yes | AF87: no | AG87: yes | AH87: no | AI87: no | AJ87: road+support | AK87: road+support | AL87: support_only | AM87: no | AN87: no | AO87: wood | AP87: road | AQ87: no | AR87: yes | AS87: no | AT87: no | AU87: no_exploit | AV87: =IF(G87=100,"break", IF(J87="fail", "car_water", "no_fail")) -> no_fail | AX87: https://dfp529wcvahka.cloudfront.net/ws/GalleryEntry/v8Mpa/video/jbPLYAMl.dat | AY87: https://dfp529wcvahka.cloudfront.net/ws/GalleryEntry/v8Mpa/video_preview/GmM2Os6u.png
A88: Gallery | B88: N/A | C88: VeJ65 | D88: N/A | E88: =C88 -> VeJ65 | F88: TRUE | G88: 97.12 | H88: =IF(G88=100,1,0) -> 0 | I88: 12670 | J88: win | L88: bridge | M88: 3 | N88: continuous | O88: fully_connected | P88: inclined | Q88: straight | R88: declined | S88: - | T88: top_structure | U88: bottom_structure | V88: rock_structure | W88: standard_truss | Y88: terrain_brace | Z88: no_braces | AA88: no | AB88: multiple_beams | AC88: steel | AD88: large | AE88: yes | AF88: no | AG88: yes | AH88: yes | AI88: no | AJ88: road+support | AK88: road+support | AL88: support_only | AM88: no | AN88: no | AO88: wood | AP88: road | AQ88: no | AR88: yes | AS88: no | AT88: no | AU88: no_exploit | AV88: =IF(G88=100,"break", IF(J88="fail", "car_water", "no_fail")) -> no_fail | AX88: https://dfp529wcvahka.cloudfront.net/ws/GalleryEntry/VeJ65/video/FFxPEIMa.dat | AY88: https://dfp529wcvahka.cloudfront.net/ws/GalleryEntry/VeJ65/video_preview/QpirxDnX.png
A89: Gallery | B89: N/A | C89: VeP9n | D89: N/A | E89: =C89 -> VeP9n | F89: TRUE | G89: 99.93 | H89: =IF(G89=100,1,0) -> 0 | I89: 8544 | J89: win | L89: bridge | M89: 3 | N89: missing_section | O89: right | P89: ramp | Q89: - | R89: - | S89: - | T89: no_structure | U89: bottom_structure | V89: rock_structure | W89: other_truss | Y89: no_braces | Z89: no_braces | AA89: no | AB89: multiple_beams | AC89: wood | AD89: medium | AE89: yes | AF89: yes | AG89: yes | AH89: no | AI89: no | AJ89: road_only | AK89: support_only | AL89: support_only | AM89: no | AN89: no | AO89: wood | AP89: road | AQ89: no | AR89: yes | AS89: no | AT89: no | AU89: no_exploit | AV89: =IF(G89=100,"break", IF(J89="fail", "car_water", "no_fail")) -> no_fail | AX89: https://dfp529wcvahka.cloudfront.net/ws/GalleryEntry/VeP9n/video/1p1LkiAR.dat | AY89: https://dfp529wcvahka.cloudfront.net/ws/GalleryEntry/VeP9n/video_preview/CB0AVoI8.png
A90: Gallery | B90: N/A | C90: vMdWJ | D90: N/A | E90: =C90 -> vMdWJ | F90: TRUE | G90: 100 | H90: =IF(G90=100,1,0) -> 1 | I90: 11385 | J90: fail | L90: ramp | M90: 2 | N90: missing_section | O90: right | P90: ramp | Q90: - | R90: - | S90: - | T90: no_structure | U90: bottom_structure | V90: rock_structure | W90: other | Y90: no_braces | Z90: no_braces | AA90: yes | AB90: multiple_beams | AC90: multiple_materials | AD90: large | AE90: no | AF90: yes | AG90: no | AH90: yes | AI90: no | AJ90: road_only | AK90: no_connection | AL90: road+support | AM90: no | AN90: no | AO90: steel | AP90: reinforced_road | AQ90: no | AR90: yes | AS90: no | AT90: no | AU90: no_exploit | AV90: =IF(G90=100,"break", IF(J90="fail", "car_water", "no_fail")) -> break | AX90: https://dfp529wcvahka.cloudfront.net/ws/GalleryEntry/vMdWJ/video/RaotZSxC.dat | AY90: https://dfp529wcvahka.cloudfront.net/ws/GalleryEntry/vMdWJ/video_preview/sSLCSjru.png
A91: Gallery | B91: N/A | C91: VPZgQ | D91: N/A | E91: =C91 -> VPZgQ | F91: TRUE | G91: 94.15 | H91: =IF(G91=100,1,0) -> 0 | I91: 28376 | J91: win | L91: ramp | M91: 2 | N91: missing_section | O91: right | P91: inverted_arch | Q91: ramp | R91: - | S91: - | T91: top_structure | U91: no_structure | V91: rock_structure | W91: standard_truss | X91: other | Y91: rock_brace | Z91: terrain_brace | AA91: no | AB91: multiple_beams | AC91: steel | AD91: medium | AE91: no | AF91: yes | AG91: no | AH91: yes | AI91: no | AJ91: road+support | AK91: no_connection | AL91: road+support | AM91: no | AN91: no | AO91: steel | AP91: reinforced_road | AQ91: no | AR91: yes | AS91: no | AT91: no | AU91: no_exploit | AV91: =IF(G91=100,"break", IF(J91="fail", "car_water", "no_fail")) -> no_fail | AX91: https://dfp529wcvahka.cloudfront.net/ws/GalleryEntry/VPZgQ/video/MXUpWMaK.dat | AY91: https://dfp529wcvahka.cloudfront.net/ws/GalleryEntry/VPZgQ/video_preview/WzGD85Fi.png
